day,hour,temp,measured_demand
0,0.0,25.74507122951685,2.9049283906189878
0,0.5,25.836813086003637,3.3217220218027483
0,1.0,28.042085167971205,3.488049720902902
0,1.5,30.346012243532755,3.534498165264849
0,2.0,28.648769937914995,4.059015930758641
0,2.5,29.51888599664599,4.06536441172492
0,3.0,33.02567347275347,4.33357500525651
0,3.5,32.497978816059245,4.623791672355719
0,4.0,31.22399165137308,4.743222090639909
0,4.5,33.20487632546924,4.533320112836763
0,5.0,32.03228007109386,4.481845996199491
0,5.5,32.23296426063509,4.652457177456185
0,6.0,33.36294340734905,4.2490389381181854
0,6.5,30.061638524003783,4.456628185143252
0,7.0,30.140029861543,3.876413816519481
0,7.5,31.547604966228835,3.2786669674573177
0,8.0,30.408956549773876,3.5825522629847866
0,8.5,31.81819772122279,3.4032461211892806
0,9.0,29.294818136210562,3.385323232326723
0,9.5,27.75163588006683,3.1181435656930208
0,10.0,31.19847315338233,2.9886477555340516
0,10.5,27.722803008190915,2.621780493114034
0,11.0,27.171844667852056,2.783933542701382
0,11.5,23.90708725844023,2.5484485305138964
0,12.0,24.183425913212226,2.609398087435422
0,12.5,24.122174346804385,2.840040907685704
0,13.0,21.20295727304638,2.959486764938648
0,13.5,22.50207956859779,2.7190406428963505
0,14.0,20.099041965121796,2.2834098888172805
0,14.5,19.69236794324032,2.5287333529042137
0,15.0,18.440585832163528,2.5440157348701797
0,15.5,21.431590554433527,2.1485226231930885
0,16.0,18.05155093261759,1.9951278523732818
0,16.5,16.022397346475852,1.799218189038499
0,17.0,18.50641075784224,1.539101668571937
0,17.5,15.237175634052983,1.5523289492033012
0,18.0,17.313295392507133,1.2952092320536581
0,18.5,14.128935923189854,1.1627493057670166
0,19.0,15.280314316339805,0.8218000023828926
0,19.5,17.90425559371339,0.9167165000212473
0,20.0,19.17949663971761,1.161015443945093
0,20.5,18.91022569945507,0.961160636442375
0,21.0,19.169673326925256,1.4719548326305816
0,21.5,19.6782530245463,1.2003511430295624
0,22.0,18.782217014448854,1.488788213313179
0,22.5,20.85876622848722,1.9287969656791986
0,23.0,22.238489482740146,1.7728986837725715
0,23.5,25.54147380156796,2.102159593925309
1,0.0,25.51542743435269,2.460331560116562
1,0.5,23.399649304716313,3.2664291575525
1,1.0,27.556678314912357,3.326911574391906
1,1.5,27.48384403829624,4.219639365832574
1,2.0,27.98461699954106,3.846304232525417
1,2.5,30.787605865331066,4.270607647183246
1,3.0,32.2033535332363,4.723050733934522
1,3.5,32.74374690100418,4.9151104887848724
1,4.0,30.66937694544155,4.891227750502515
1,4.5,31.927217696313473,4.732409284733505
1,5.0,33.2243017574179,4.6606525494317115
1,5.5,34.39487658167402,4.495376948000541
1,6.0,32.281238643232065,4.324109374530289
1,6.5,32.653070425994756,3.9037973761011955
1,7.0,31.06790414930351,3.627508339341526
1,7.5,30.59672632396929,3.6016182685385045
1,8.0,33.14699196386681,3.479988076681682
1,8.5,33.381186765186115,3.28325850566617
1,9.0,30.54883906712188,3.3042707989288562
1,9.5,31.375390778907803,3.2832809841183606
1,10.0,29.542454037571453,2.9843397561148497
1,10.5,27.093787827013035,3.143275701147623
1,11.0,27.61264576908279,2.6106244043688074
1,11.5,28.35126438745937,2.8131460433703874
1,12.0,24.946260941335073,2.6050233641194906
1,12.5,26.302755945960598,2.4144353513616563
1,13.0,18.999829983045217,2.542875908199792
1,13.5,23.17138629764212,2.6358360371264276
1,14.0,21.13057060235726,2.856222308989808
1,14.5,19.681397542231437,2.5656460441408746
1,15.0,19.480786915310876,2.131058105169629
1,15.5,15.671819905768782,2.4685045978638605
1,16.0,17.742288937968226,2.256860164973455
1,16.5,18.144632597177324,1.976367148307427
1,17.0,19.489434456799728,1.680275222387143
1,17.5,16.291035781599046,1.2624008195162155
1,18.0,15.787259595660219,1.199176432655596
1,18.5,16.31580554363271,1.362198629539734
1,19.0,18.645696566240563,1.4771771666272573
1,19.5,18.10209040439923,1.3187919100609424
1,20.0,17.277156464073936,0.8616990827529737
1,20.5,19.423074427340147,0.8271892420394787
1,21.0,19.488762074529678,1.164311974194274
1,21.5,21.582876053729567,0.9837291979154108
1,22.0,19.946920359183967,1.5434259113418112
1,22.5,21.44703932118263,1.7304064748257093
1,23.0,22.34128540948159,1.9664484077877724
1,23.5,21.76051804004141,2.0219520700223086
2,0.0,25.444180415596865,2.8660454337818493
2,0.5,26.435792446030245,2.9984564631740995
2,1.0,27.078222545783856,3.188946163354483
2,1.5,27.709586758857995,3.140319347659446
2,2.0,26.87694388692438,3.920420577868267
2,2.5,29.239123447921724,4.541693233355506
2,3.0,30.142782474702226,4.6850634545744985
2,3.5,30.14341081849745,4.344462577360592
2,4.0,31.686274662776494,4.388991554622927
2,4.5,32.997112545312106,4.616587735299841
2,5.0,35.55668546212834,4.326134467573073
2,5.5,33.193425610238236,4.401186408981125
2,6.0,33.38632558608415,4.354805823259463
2,6.5,32.81989001734123,4.264425751884158
2,7.0,29.849249787363988,3.7345576698718115
2,7.5,32.35126544691647,3.614194583673717
2,8.0,32.01854854518705,3.304575181274963
2,8.5,35.04168989105781,3.258343138499803
2,9.0,30.368312802320695,3.1142817431131724
2,9.5,30.322412445570187,3.1341036937673654
2,10.0,28.947932345442133,3.1315396533392508
2,10.5,26.308450402491424,2.663573772064853
2,11.0,28.7847865825927,3.1726641653927103
2,11.5,27.172109086790577,2.762278555997753
2,12.0,26.18654792056457,2.7813229787472498
2,12.5,22.59170928004748,2.5269689389693104
2,13.0,25.033639105583983,2.2555782669899065
2,13.5,19.835755946890863,2.7369257075527567
2,14.0,21.880285640700407,2.7233925909101626
2,14.5,23.415592006645205,2.4952440297386893
2,15.0,17.85734126281159,2.3005902439054657
2,15.5,17.803726683265964,2.264831131462758
2,16.0,18.221273817355954,1.7145138008727077
2,16.5,16.853750258735406,1.7154106019911874
2,17.0,14.946598243088255,1.7481398916701307
2,17.5,17.171285571218558,1.229838275915647
2,18.0,15.406544429410843,1.3209079193156514
2,18.5,17.77882975496229,0.917023271014103
2,19.0,15.893457038336747,1.110978716089926
2,19.5,19.93386534743601,1.0579681562381114
2,20.0,16.89691683122014,0.6250354149435128
2,20.5,18.1700810033616,1.2464707968693587
2,21.0,20.56342157656212,1.0214561945133966
2,21.5,18.2836120932793,1.0763886648115966
2,22.0,21.34118990190619,1.5607342942327105
2,22.5,23.899246672502926,2.063220682510795
2,23.0,20.518222787337987,1.8017994657014333
2,23.5,24.232741250038043,2.427395349745161
3,0.0,25.389824191372636,2.8474580258072937
3,0.5,27.21694384542638,3.2670522945409943
3,1.0,25.215126294503044,3.4023249540135607
3,1.5,26.0807825392943,3.5925020959122005
3,2.0,29.782912348425345,3.847584568593679
3,2.5,30.31556844191954,4.236765040450767
3,3.0,31.032593525011194,4.165078140777071
3,3.5,31.866499036575345,3.903304378521262
3,4.0,30.90816614790777,4.573402672080755
3,4.5,32.7394168058318,4.695888980117666
3,5.0,33.16701532026057,3.9815349640463316
3,5.5,31.86003176395093,4.098880072686625
3,6.0,35.79866176671713,4.397790705202554
3,6.5,33.642308272358164,4.455210748700145
3,7.0,30.940451364508576,3.791483274017221
3,7.5,33.37586667304104,3.5400667822470204
3,8.0,30.466180724934528,3.3970213757977312
3,8.5,32.52745362794356,3.623267405243985
3,9.0,32.394747618003485,3.091177730139054
3,9.5,28.639067954542202,2.8502918563432393
3,10.0,30.445064193866482,2.897187979108925
3,10.5,28.68063884932547,2.704709493954201
3,11.0,28.303642600811905,2.8842261953463413
3,11.5,28.889399011741336,3.192957665648702
3,12.0,24.631917825995693,2.8035733894030765
3,12.5,22.825186215703354,2.6329448824432933
3,13.0,21.59517599474155,2.5789101719361125
3,13.5,20.714817113631124,2.273850301543423
3,14.0,20.884347435878848,2.7227676207764606
3,14.5,20.641636530155203,2.452723437465072
3,15.0,19.758181949502653,2.308121338343098
3,15.5,19.893948151224155,2.862971445529656
3,16.0,18.091299607541355,2.0828743276287156
3,16.5,19.78926485564568,1.7589283653487178
3,17.0,16.875608139830522,1.561885733406925
3,17.5,21.148694858893943,1.8297075810191092
3,18.0,17.93850102164751,1.3608091127569786
3,18.5,15.782704774385092,0.8408002868579947
3,19.0,15.666254642595781,1.1947224346460326
3,19.5,18.33267236277448,0.8834318460499633
3,20.0,17.736602591735718,1.3479119061835911
3,20.5,19.724174018808252,1.2761553295842536
3,21.0,20.053002187367934,1.0635975490654308
3,21.5,20.020665198944926,1.5467540177314645
3,22.0,19.72980942289739,1.4858501425217385
3,22.5,19.666261704050484,1.8770583985959226
3,23.0,22.259675211079294,2.154153965668247
3,23.5,25.240388653724796,2.2760174708879943
4,0.0,25.321140616195304,2.6309242520223663
4,0.5,24.17560136969243,3.2431830623325792
4,1.0,27.33032374959694,3.363537500189625
4,1.5,28.639443528513972,3.6619378007570558
4,2.0,27.6742138456983,3.758817141771741
4,2.5,30.100679090988056,4.29780939643224
4,3.0,30.744167327161378,4.783358141087328
4,3.5,29.632371275583946,4.207044059539587
4,4.0,32.46488427079793,4.537636146270478
4,4.5,33.232213049642645,4.812330010297838
4,5.0,34.351983475075464,4.473742217550003
4,5.5,34.51226196904283,4.470867479031316
4,6.0,30.933495948064362,3.9155261728125557
4,6.5,31.524821331117796,4.065848465962123
4,7.0,33.49995951112554,3.8266809238797386
4,7.5,33.16171518645861,3.876388825031347
4,8.0,32.700774759734585,3.7381156953756514
4,8.5,37.12592395831196,4.004158959729123
4,9.0,31.513190015532132,3.309850472532536
4,9.5,31.573439892340666,3.163320679123677
4,10.0,30.431002645239804,3.0321916974019976
4,10.5,29.038554335879418,2.835479421640424
4,11.0,26.59764849385965,2.876209077631153
4,11.5,27.182663368500318,2.7577396226297535
4,12.0,23.840762178193643,2.7489150605997317
4,12.5,23.600562552129574,2.9701963800829296
4,13.0,22.20140231743618,2.4541507023441325
4,13.5,22.061343750158766,2.854859974604393
4,14.0,24.471987850010265,2.9171978912389442
4,14.5,17.329010779042616,2.345298398936039
4,15.0,20.372536036069395,1.9382769638565063
4,15.5,16.234099470885642,1.992990074131642
4,16.0,17.363898971040342,2.2607006361727695
4,16.5,19.24238963536075,1.8883067062994303
4,17.0,17.36901341833065,1.4620989645440552
4,17.5,15.451823942115556,1.3281573274307634
4,18.0,15.927044436110048,1.4459353383842122
4,18.5,18.08783773241153,1.306956584902537
4,19.0,16.177043442111746,0.978413891882532
4,19.5,17.933651624282668,0.9317251586400702
4,20.0,18.140154529580215,0.9070072792666525
4,20.5,17.675772756261388,0.8142116416652175
4,21.0,22.559061884495605,1.5513188570048995
4,21.5,21.08078710140725,1.2578903086160433
4,22.0,17.962286120013587,1.6626850454948428
4,22.5,22.218214013233425,2.087325443231457
4,23.0,21.936767942027245,2.247182363767383
4,23.5,25.234440464433924,2.3587862936638335
5,0.0,23.81121889235095,2.4950825848378506
5,0.5,25.872104875560066,2.783246882714193
5,1.0,27.828033279290853,2.964683480355725
5,1.5,29.3601002501759,3.529159051399634
5,2.0,27.199555389416336,3.3997939457211923
5,2.5,29.36833957830834,4.128655275625469
5,3.0,29.944436282750946,3.9539377664467072
5,3.5,30.366832873469313,4.18281642150157
5,4.0,34.57638459069715,4.352794838842132
5,4.5,32.998508826531726,4.171093777780609
5,5.0,30.83608067880998,4.201532172206236
5,5.5,34.30835181157264,3.9792950837327594
5,6.0,36.18323429551895,4.159756488357018
5,6.5,34.480256781817204,3.4996541739922264
5,7.0,30.44835166138153,3.4978374572976105
5,7.5,31.66468515079092,3.722117724637001
5,8.0,33.828569954055446,3.034406075971212
5,8.5,30.28532252390171,2.845479194188122
5,9.0,31.32258339171172,2.990987209106992
5,9.5,31.03204251221377,2.817835850791357
5,10.0,27.609604292632877,2.678798906363035
5,10.5,27.97217942482802,2.671958858900553
5,11.0,22.20865135071656,2.5037866883568762
5,11.5,24.50762807575898,2.658508814266564
5,12.0,24.62114777291026,2.5205981645730104
5,12.5,22.084115689292314,2.3129319361525114
5,13.0,25.378064595077287,2.5852738239698403
5,13.5,19.793320474138334,2.638819951077014
5,14.0,20.33993326995453,2.203286491092785
5,14.5,20.326019433859372,1.9639165030446293
5,15.0,21.505055684106797,2.318039666956742
5,15.5,16.49938005090096,1.7984366561602683
5,16.0,19.816542397956933,1.340347120465238
5,16.5,17.624313331439083,1.713822365071641
5,17.0,15.800330413115528,1.207833283655799
5,17.5,17.761596320404422,1.1802988265642407
5,18.0,17.298589543360205,1.0853537524146093
5,18.5,16.168115793271323,0.8781181490438682
5,19.0,17.37729651717248,0.9040982673961007
5,19.5,17.030993344617062,0.590913018499071
5,20.0,18.242072787601366,0.7910376164512679
5,20.5,19.646369289451684,0.7059022390438434
5,21.0,21.722170974725646,1.0508990879954128
5,21.5,18.273185319689958,1.0611998458094032
5,22.0,24.199550061984397,1.1192835191799488
5,22.5,19.01040084179553,1.6040242609388364
5,23.0,22.701769996626453,1.6632775567529574
5,23.5,24.838266271966454,2.294836690089648
6,0.0,25.42148780160255,2.536102096728345
6,0.5,25.110160258029524,3.1328644008254845
6,1.0,26.758368985284253,3.068640727207182
6,1.5,27.321966056932467,3.333279810034371
6,2.0,28.115952864583683,3.6592099070306268
6,2.5,31.1444945776013,3.88376809134509
6,3.0,31.19237747843995,4.244287842165466
6,3.5,30.3074623294389,3.8175412523187724
6,4.0,33.27760304342538,4.04643733428548
6,4.5,32.85198554140521,4.004918489651791
6,5.0,33.94669978857099,4.367573503598726
6,5.5,33.8760021538759,4.403427999842747
6,6.0,31.756507483616893,3.831805380801013
6,6.5,32.091287330695025,3.6634166818699088
6,7.0,33.84834701799744,3.588571834709442
6,7.5,33.30659165824049,3.615964780570469
6,8.0,31.89685083932929,2.9910501406124275
6,8.5,31.52281779729305,3.0658268430417897
6,9.0,32.57335159317502,3.1207682111755934
6,9.5,28.982734348816024,2.820659083489474
6,10.0,29.820646071755057,2.7129204632017374
6,10.5,27.75817848026988,2.767910623047704
6,11.0,26.74403055597934,1.972257312202558
6,11.5,27.6923748157412,2.6676863119809675
6,12.0,26.238124523482046,2.3563285990789766
6,12.5,25.176054916240545,2.0878150645133755
6,13.0,24.88766584991133,2.5382876412793114
6,13.5,21.970038303528423,2.598876808012265
6,14.0,22.02292945694245,2.2528134230533987
6,14.5,19.66450843304005,2.329551943394766
6,15.0,19.829395279240288,2.3688093725510813
6,15.5,18.457958696118595,2.1442531390243267
6,16.0,18.21729071721357,2.054896385120023
6,16.5,18.501699278065075,1.719085106254715
6,17.0,16.045262364837246,1.3373336071785538
6,17.5,20.207022022537707,0.9513750917096374
6,18.0,15.490973927750447,0.9155167202065241
6,18.5,15.247158189827918,0.6437401659215145
6,19.0,19.009759699937554,1.2453703429508076
6,19.5,18.79645778085411,0.6957970632136835
6,20.0,19.007976495302724,0.7360345294039893
6,20.5,19.595691541566534,0.8665883173321659
6,21.0,19.324775591237245,0.839935619587751
6,21.5,18.784027010701486,1.292461807823289
6,22.0,21.113706837290586,1.089266090501163
6,22.5,20.922789973811117,1.483121002711746
6,23.0,24.392127239306454,1.6726868459165574
6,23.5,23.73520438998638,1.8361287717298755
7,0.0,23.761754204811233,2.59049880796328
7,0.5,25.562130775280924,3.0713794215743193
7,1.0,27.689949542233602,3.3554208954865805
7,1.5,27.215880629714754,3.5614764104667076
7,2.0,27.76666940665035,3.6713518317358065
7,2.5,30.23562224930763,4.2005167635373954
7,3.0,31.024304106155462,4.078313185802321
7,3.5,30.586411959273185,4.60118305563904
7,4.0,31.221645771848024,4.51198305055433
7,4.5,32.73911116612675,4.22358254281629
7,5.0,30.555280098066564,4.313927579078906
7,5.5,30.82036322942565,4.119204876474738
7,6.0,31.922333668121347,4.221504912127476
7,6.5,32.61138816342271,4.28087414069437
7,7.0,33.19376795870956,3.47988953637902
7,7.5,34.60407058551462,3.745518703696538
7,8.0,33.21469266507854,3.4840294631096915
7,8.5,31.10691892738474,3.4399440956876766
7,9.0,30.628329937638348,3.210017361200545
7,9.5,28.366297385113054,2.8515532742426517
7,10.0,28.972230296011414,2.8857408794763555
7,10.5,27.628479500540514,2.7046052637816973
7,11.0,27.554630201327303,3.052423187882564
7,11.5,24.803363122431932,2.749703227009896
7,12.0,25.77901977136176,3.153608730291454
7,12.5,26.254898831743454,2.77417479858683
7,13.0,22.76630741649455,2.530725014989719
7,13.5,22.541100124227697,2.338534075078086
7,14.0,22.035215987566673,2.2200437866464746
7,14.5,19.528077860101483,2.118056928164923
7,15.0,19.679284473223248,2.3952757269751377
7,15.5,18.67206187884281,2.2894383484352305
7,16.0,18.21831091754774,1.7106959448493426
7,16.5,16.449449064126505,1.9880997644374023
7,17.0,17.30935865107587,1.5635575576487057
7,17.5,17.81543854587769,1.5293793521863808
7,18.0,19.176715411692562,1.697745588001862
7,18.5,18.507347348137326,1.3895630229071414
7,19.0,20.502367075954787,1.1022538911505955
7,19.5,16.45794239557763,0.782580319058799
7,20.0,19.38027772480551,0.5921995246663146
7,20.5,18.92818628627764,0.8924354206169216
7,21.0,22.627850150334126,1.1880813193206277
7,21.5,18.917461139897505,1.0600187181827823
7,22.0,19.74041723672883,1.44634588141274
7,22.5,21.03944357291325,1.7630694962291154
7,23.0,19.743604052715117,1.9367540710968112
7,23.5,23.167157929718446,2.253091364001287
8,0.0,23.861301007669454,2.7495699646234293
8,0.5,26.269800217474724,3.188404994163698
8,1.0,27.583186324485904,3.2199986283690327
8,1.5,30.875723717744545,4.091942375031627
8,2.0,30.425635757279075,4.012666688532182
8,2.5,29.004735948576158,4.183981213630161
8,3.0,29.309232242469843,4.469447989349264
8,3.5,32.08470547958964,4.540763894763313
8,4.0,29.947853419744543,4.647908656186974
8,4.5,35.13822440887183,4.644491073031992
8,5.0,34.49656679139448,4.371520520360629
8,5.5,32.22779541283342,4.3841598281363074
8,6.0,30.430298206363684,3.8841637047267783
8,6.5,34.9623674522386,4.105025371309523
8,7.0,32.55559684243362,3.8291328986909985
8,7.5,34.24776072805049,3.6702008206886227
8,8.0,29.53656174208396,3.3800045922453963
8,8.5,30.44776418789922,2.90953162911349
8,9.0,30.664719799069655,3.0587247498477543
8,9.5,29.94056232271688,3.0677440689467534
8,10.0,28.324901792781134,2.9621030899122505
8,10.5,28.99574235744197,2.6992932926642466
8,11.0,25.46912171674628,3.0277980737983534
8,11.5,25.830640310228475,2.603024243266504
8,12.0,25.18044344756785,2.949304743532383
8,12.5,24.72744871332771,2.8259223301716188
8,13.0,23.99686995631317,2.5800777825976096
8,13.5,20.251569403322478,2.9276532104953974
8,14.0,18.69882874389657,2.2418527382362647
8,14.5,22.046423800778,2.6942653297083163
8,15.0,19.84161676847701,2.5468368292390493
8,15.5,17.53044347283529,2.019320749793689
8,16.0,20.398524733008276,2.3708335597324517
8,16.5,17.782475691348992,1.7990735975190633
8,17.0,19.041539165783195,1.769873909282585
8,17.5,17.16971883112468,1.5327135261009246
8,18.0,20.09112188732298,1.3758719083255802
8,18.5,19.70145237267432,1.4081799651021014
8,19.0,16.89914716696884,1.2065611675726264
8,19.5,19.06632016634124,0.6893637026171286
8,20.0,19.039860694102213,1.2732181425867073
8,20.5,20.706120613968636,0.7571057166890007
8,21.0,17.89576055963746,1.2948539202335982
8,21.5,21.15898575792789,1.5500413895194476
8,22.0,22.58763673027438,1.3398205735945274
8,22.5,19.30042331144461,1.6133656542023853
8,23.0,21.154559870181163,1.8029130082852207
8,23.5,20.896942195599436,2.2720012020846614
9,0.0,24.595889748333164,2.676269835612847
9,0.5,27.120522921454356,3.2814706518230725
9,1.0,29.324087938964208,3.7523672415158726
9,1.5,28.17260962955038,4.007799238594538
9,2.0,31.44292331835694,3.95046933650571
9,2.5,27.799939244747428,4.102223013177423
9,3.0,28.101780590459647,3.954893916693457
9,3.5,31.263505173984953,4.308310646043234
9,4.0,32.504301403684465,4.726945095542014
9,4.5,32.34199413794916,4.826295896573594
9,5.0,29.626243460252734,4.101028520978479
9,5.5,32.7978788317213,4.210468773831145
9,6.0,31.04329574924272,4.126017721085496
9,6.5,33.93606771423554,4.108556669778047
9,7.0,33.27730397945782,3.6955094069462873
9,7.5,30.981216580599263,3.698640076612412
9,8.0,31.15740285427047,3.359569458484594
9,8.5,29.75800643949645,3.2623182515852784
9,9.0,30.562835603582624,3.2746700551320758
9,9.5,31.302804912821625,3.0913268203838604
9,10.0,27.521410930496685,2.8187499075389235
9,10.5,28.817537232197488,2.877560206306938
9,11.0,26.27516593326151,2.7811652402798033
9,11.5,24.8549002893669,2.6729848063071313
9,12.0,24.839454460068165,2.6934244212686242
9,12.5,22.402926978610527,2.99047723985671
9,13.0,22.098973681159062,2.764570245899995
9,13.5,20.14171570219601,2.5101993573338692
9,14.0,23.94708769937459,2.7774187541540485
9,14.5,20.18280389588783,2.3877619998884088
9,15.0,18.293557488518747,2.534903514749034
9,15.5,18.974143143771453,2.270684220176722
9,16.0,17.903304695188247,1.9960234697841388
9,16.5,17.27750934060987,1.9234772950787358
9,17.0,18.19384343975259,1.372529081231996
9,17.5,18.204702674080472,1.2863451798533931
9,18.0,16.20424827858421,1.0473424470777153
9,18.5,16.204713748042497,1.1697047706839316
9,19.0,16.860015843959985,1.3931924836689364
9,19.5,14.156081992806328,1.338022981297244
9,20.0,15.799010176426664,1.042734798768962
9,20.5,20.7034846788369,1.189693931231075
9,21.0,21.81059732075954,0.8455782353683812
9,21.5,19.756354508595667,1.1740866647271597
9,22.0,21.864835444583647,1.3787730706851977
9,22.5,22.405407772894588,1.6645085259865786
9,23.0,27.547768851862685,2.182221447715896
9,23.5,25.63515282939145,2.3627136116167433
10,0.0,24.80812361277885,2.348383746308208
10,0.5,24.610898876859775,3.1998318752548744
10,1.0,24.660882880433807,3.1358607353880776
10,1.5,28.36666291272155,3.7823334477539126
10,2.0,27.865473882073545,4.370395992682863
10,2.5,27.736710867673253,3.958293618296819
10,3.0,29.68699492312859,3.8330804805684484
10,3.5,29.724504716908285,4.36611380125415
10,4.0,34.45891568288435,4.812805124298234
10,4.5,33.71349589551447,4.935993875435026
10,5.0,32.71544764833762,4.194664502106527
10,5.5,35.151475099325516,4.498909358337155
10,6.0,33.116052461471426,4.100419482488133
10,6.5,31.639632588998087,3.9624417133961756
10,7.0,35.012092726217034,4.4383424427368
10,7.5,33.19940132561728,3.379779344391104
10,8.0,30.372333998785827,3.481533194533153
10,8.5,31.061318705204467,3.397846708085262
10,9.0,29.343426869415243,3.3459882084941834
10,9.5,27.795891835623262,3.004431604799901
10,10.0,30.389266321297463,3.053672855269081
10,10.5,30.925592419625914,2.8843941092305987
10,11.0,24.972701000091458,2.81358927237479
10,11.5,26.88866339279627,2.739361450286956
10,12.0,24.02403614631726,2.845035462360728
10,12.5,23.225102386592543,2.6214910007865
10,13.0,22.04085675282153,2.726062927242058
10,13.5,20.64254638655956,2.5784677787336117
10,14.0,21.072782441917244,2.777008765682614
10,14.5,18.88348339331368,2.4052675380446895
10,15.0,19.74883098917738,1.9893302986100885
10,15.5,18.577816113496414,2.43725027097165
10,16.0,17.71337469942488,1.8306395385395602
10,16.5,16.247618246847306,1.6722839093740394
10,17.0,16.407436393834956,1.513979841459468
10,17.5,18.20152794774815,1.7864910504795481
10,18.0,17.751375781436572,0.9054064306473584
10,18.5,15.60210824181169,1.7505876932762647
10,19.0,17.42159184783129,1.2747481257012676
10,19.5,18.73604442496739,1.0738096078493813
10,20.0,15.567688848042435,0.8972061385060263
10,20.5,19.468213566240017,1.1095777178358084
10,21.0,18.349210112088848,1.2061726516146758
10,21.5,20.98580657081997,1.4485481037307044
10,22.0,19.85511126518622,1.5871589888856124
10,22.5,19.231209390082505,1.7113682304034892
10,23.0,20.488133982355084,1.9645934812861607
10,23.5,24.02791788223166,2.378660022010673
11,0.0,25.389583752582222,2.7227058565069306
11,0.5,24.6877346001038,3.279308915102101
11,1.0,28.028441048986227,3.5701474300487837
11,1.5,25.569187365517276,3.062482081582698
11,2.0,28.900880302029027,4.117821806637486
11,2.5,28.05356713242608,4.190623463500443
11,3.0,29.67910008778914,4.335159388768353
11,3.5,31.417924729304502,4.396413555384282
11,4.0,30.63758318234958,4.702795766279679
11,4.5,31.814202943745556,4.676850888462411
11,5.0,34.23684582413421,4.331640832706186
11,5.5,32.06622108670576,4.388422350736164
11,6.0,34.25353816809771,4.033274798134674
11,6.5,31.236998609004054,3.6956287318993954
11,7.0,33.52211287718547,3.7394309329444533
11,7.5,34.553389191077144,3.893471740510482
11,8.0,28.220736480084575,3.556862345748418
11,8.5,30.151483839124165,3.3796301117692247
11,9.0,31.52246244026319,3.339221168001352
11,9.5,29.56552335300528,3.1411595770501743
11,10.0,29.556718810056964,2.838790002986455
11,10.5,27.15548967884699,2.9360052494263775
11,11.0,27.20043704202952,2.9866778704294474
11,11.5,25.810693684672298,2.9265190801054337
11,12.0,26.75167309248971,3.0403328670696195
11,12.5,24.33742172719141,2.8704434176534055
11,13.0,23.43585163229264,2.762782336354071
11,13.5,21.32071709189558,2.8186955102939737
11,14.0,20.268590663891263,2.5223687103375894
11,14.5,19.481071286200805,2.2570989893034565
11,15.0,19.93482396407507,2.316903188709643
11,15.5,18.021696556439725,2.0192018551558615
11,16.0,18.50645905506911,1.9005428743865345
11,16.5,20.722064937877864,1.9083668436916166
11,17.0,18.579280444834993,1.5397834375981752
11,17.5,16.579405810757756,1.4013474618078647
11,18.0,18.801820883245917,0.9853316931066207
11,18.5,16.45632804947719,1.1913233222488189
11,19.0,14.21540658692067,0.9675923011331834
11,19.5,16.0968342735336,0.7865677942668975
11,20.0,15.26560888818571,1.030971673520063
11,20.5,18.12590305160815,1.1997116149506326
11,21.0,19.370773319291946,0.8110830892811064
11,21.5,22.644564536343157,1.2167227697931458
11,22.0,21.49039106064624,1.3712680195912634
11,22.5,21.609881747865987,1.5768316446641708
11,23.0,24.17355601095506,2.2805187945919747
11,23.5,20.63908749872776,2.2684845394816975
12,0.0,25.35342183716285,2.4076996868527636
12,0.5,27.200507328590863,2.4271656047019494
12,1.0,24.852672992150403,3.1832466499293823
12,1.5,29.777098523731112,3.228945464291275
12,2.0,29.50774461124162,3.7168341066611768
12,2.5,29.247159561218563,3.9429593850121014
12,3.0,31.606027048651807,4.368840668051142
12,3.5,34.752866009036474,4.012401404570195
12,4.0,32.20100261286325,3.620973374033722
12,4.5,32.7633671395408,4.252590430862436
12,5.0,32.038365261002184,4.480364185679118
12,5.5,31.65679233679329,4.242518301401771
12,6.0,34.245503724816366,3.969296994799416
12,6.5,31.647433152127178,3.5855381640244657
12,7.0,32.834755966141635,3.7055781898585938
12,7.5,31.67455008994262,3.139918633059001
12,8.0,32.646672968895096,3.2942869852087604
12,8.5,31.8473198802603,3.128982140817176
12,9.0,32.21316416587923,3.12696504390001
12,9.5,29.105066833787646,3.2760422318328692
12,10.0,28.595187597059944,2.7167235790768887
12,10.5,26.59332188524726,2.4309629815420974
12,11.0,26.404112470706004,2.4975913658058064
12,11.5,26.610160277327694,2.145829630944557
12,12.0,26.135482924968027,2.3451218615312293
12,12.5,22.57254247597315,2.2939797830540245
12,13.0,24.233856519338325,2.3116151618702063
12,13.5,23.97198932928671,2.4146746041591665
12,14.0,21.620152354835554,2.10373582643929
12,14.5,22.945102286767337,2.4616009830308907
12,15.0,18.182461951852265,1.9969871341153507
12,15.5,16.786191222702996,1.829257159877326
12,16.0,15.403716396368075,1.5769173063177961
12,16.5,19.85303020714348,1.6422376726844843
12,17.0,18.25414187421854,1.5535329176132011
12,17.5,16.985064102643832,1.0016834733500748
12,18.0,17.41995293947973,0.8909752903693409
12,18.5,15.380207538061951,0.7556357596764408
12,19.0,20.94122135911269,0.599951464531856
12,19.5,17.802795512872546,0.5373127857164045
12,20.0,18.235888961631833,0.5929867673280336
12,20.5,19.741823213518153,0.9355530284251664
12,21.0,20.064659598112687,0.9059239163199083
12,21.5,20.46573460434893,1.0426208098200707
12,22.0,19.814288316832027,1.344992999667891
12,22.5,22.645735076783275,1.4684135070735829
12,23.0,25.752484383892376,1.9400846473795226
12,23.5,25.973920531472054,2.146650407632088
13,0.0,27.389779939959094,2.574765868078699
13,0.5,25.277386023113635,2.653692706896667
13,1.0,25.586145130432296,2.590403776380708
13,1.5,27.872787078771246,3.3928119674759127
13,2.0,29.08358736843304,3.976672490543642
13,2.5,31.511378709776185,4.1406536523255095
13,3.0,28.11815730492015,4.185152353489697
13,3.5,33.641152201520796,4.488040214529791
13,4.0,31.691191382407023,4.227312986476488
13,4.5,31.750714655169165,4.224904088861667
13,5.0,31.209250047422298,3.971858113882681
13,5.5,30.449273883191825,3.8952889060004297
13,6.0,34.234755875942874,4.050196906232515
13,6.5,33.04153584177308,3.9664653692740153
13,7.0,30.79246526070097,3.4549956942317115
13,7.5,30.44841810199487,3.2078060603911798
13,8.0,31.42452618134032,3.162456619482193
13,8.5,33.85035901026397,3.2082206326697835
13,9.0,30.26746722244697,2.5677811908705577
13,9.5,27.615377002392606,2.2201833384813545
13,10.0,28.631385403871082,2.5292189499471527
13,10.5,27.652382104299214,2.320385028072324
13,11.0,23.025222396407813,2.2997114864857973
13,11.5,25.962767237983698,2.4506669569785666
13,12.0,24.653598204686983,2.348958264336007
13,12.5,25.000100009459715,2.739156503575391
13,13.0,25.702881781597853,2.5258525522453747
13,13.5,23.62838008540092,2.4339902243580145
13,14.0,20.596666964167756,2.361956680004377
13,14.5,18.47011970481773,1.8753787485513547
13,15.0,23.203185455382414,2.3553897837216695
13,15.5,18.74200092869185,1.8746386579776229
13,16.0,18.092690707593913,1.8572616024053974
13,16.5,17.5727761092447,1.3284204663676942
13,17.0,17.569720530839238,1.057228871175082
13,17.5,16.8519004911236,1.3346925397516538
13,18.0,16.139506989679646,1.0594671149098929
13,18.5,16.248152697148928,0.6620090093328812
13,19.0,17.223463484363453,0.5836602967290832
13,19.5,16.793826583209057,0.8959822466537533
13,20.0,17.002528095708747,0.4133477374858072
13,20.5,18.81281861920796,1.061339645104508
13,21.0,18.960679924376333,0.6401681133778592
13,21.5,22.385898050804265,1.1891861160618984
13,22.0,17.023545287410478,1.0253674212018535
13,22.5,23.575792818962977,1.644427083235322
13,23.0,24.79857542792627,1.724551608291923
13,23.5,20.845705113627364,1.9808897144687874
14,0.0,24.485968608879478,2.7427628933455286
14,0.5,25.487048238766725,2.876096813732281
14,1.0,24.959284818743434,3.507526267769353
14,1.5,26.894742427534403,3.5876837470817513
14,2.0,27.334136231801256,3.893919346156697
14,2.5,32.498497097205195,4.086154248578359
14,3.0,32.06037183921357,3.8978725608412024
14,3.5,33.25415936482112,4.490998732547523
14,4.0,33.010711326340356,5.031690150924783
14,4.5,30.69745860326445,4.610764123403012
14,5.0,31.940626210892887,4.413477701926789
14,5.5,33.66562073283236,4.302415716853401
14,6.0,31.166808286662082,4.139497427162272
14,6.5,34.00105653624906,4.163897925709574
14,7.0,32.36691851307535,3.5939559838773736
14,7.5,31.8288050487659,3.8621198606983675
14,8.0,32.994643182580745,3.6525308008363346
14,8.5,32.01322168955894,3.4765023084043962
14,9.0,30.11540500076376,3.2396854352087154
14,9.5,31.60908613711614,3.1031541346893063
14,10.0,27.378405008600154,3.036309155180705
14,10.5,28.985370869337117,3.0228800029545684
14,11.0,27.960204247772744,2.7785808393680025
14,11.5,25.57988987878943,2.6540163453868524
14,12.0,25.489199533363177,2.7850472450532924
14,12.5,22.079120097661633,2.9708376296263372
14,13.0,24.315488167990186,2.4710603757859007
14,13.5,21.6611793364148,2.3213742768157766
14,14.0,20.215915469221443,2.55904487459461
14,14.5,21.70342240668557,2.5103219935347467
14,15.0,18.286630214693485,2.3347391018910293
14,15.5,16.54048133312478,2.1725365669994026
14,16.0,15.736853009438637,1.9078498970855353
14,16.5,18.517978666928165,2.1691206774266454
14,17.0,15.35194936094303,1.2812666935861055
14,17.5,19.70063238198606,1.3908771599164726
14,18.0,13.877105888174416,1.1956622246154232
14,18.5,19.613125661444574,0.9147307469024193
14,19.0,17.58911959049138,1.0333917152814458
14,19.5,17.463894072104114,1.3232913475832548
14,20.0,17.254418139511067,0.9629641150325349
14,20.5,19.25187744919822,1.0921170004967597
14,21.0,19.286693696870344,0.8780397204477373
14,21.5,21.784861390955015,1.2202043495368489
14,22.0,21.171341472993056,1.4404857258543404
14,22.5,22.1639851832721,1.7178923485968804
14,23.0,22.384029320859042,2.317266784503498
14,23.5,23.870372026657986,2.51572651521919
15,0.0,25.46170265333809,2.5415594882127364
15,0.5,23.478956948775476,3.065592521875239
15,1.0,25.048274227661597,3.46167543065223
15,1.5,29.17636359995479,3.986804903252933
15,2.0,29.256298157191914,4.313412324300095
15,2.5,29.594116427540744,3.9948738650445543
15,3.0,30.68450514909047,4.206891789654504
15,3.5,31.868199280372387,4.236109910751171
15,4.0,31.118563709811465,4.445598666284937
15,4.5,31.223579171986827,4.562898557774345
15,5.0,33.02117449295907,4.6472131296534736
15,5.5,31.463999724567934,4.273755047718618
15,6.0,33.61237913357171,4.144401869356182
15,6.5,30.37768348463372,3.9761245095758193
15,7.0,34.271140066301015,3.720216613209908
15,7.5,33.09993248370986,4.095297089151867
15,8.0,32.312247831746326,3.1674504717994414
15,8.5,32.82086319824815,3.3940425243026304
15,9.0,33.155065916186246,3.647901358755372
15,9.5,31.39164652959696,3.0940675838369325
15,10.0,26.238688653002534,2.8295376103191137
15,10.5,26.14210200881717,2.747730025828609
15,11.0,26.13332449427665,2.7585042525988426
15,11.5,26.083346113076665,3.0584100819301554
15,12.0,25.776488530703684,2.330922273655209
15,12.5,22.867174742509388,2.991361978931997
15,13.0,23.20959778589545,2.4009136489638094
15,13.5,20.8054581425493,2.5358772283034168
15,14.0,20.082723295512082,2.4362480570762934
15,14.5,18.019916922657902,2.507349942596857
15,15.0,17.958295881341268,1.970595868639632
15,15.5,16.62564636924562,2.2187354117177165
15,16.0,16.607986890258495,2.3834862890944626
15,16.5,19.189426434821463,1.6186566218244658
15,17.0,15.848495056439539,1.6542850936683833
15,17.5,21.017014206265603,1.4636715840415864
15,18.0,17.739976851321334,1.4173767467782477
15,18.5,17.345695294551827,1.1791751536096207
15,19.0,15.985056719415631,0.8921433282267255
15,19.5,18.65942855902319,1.1244378060194382
15,20.0,17.208340030367832,1.3182740960563941
15,20.5,18.836187999638156,0.9953253775207612
15,21.0,23.183272557910808,1.3909216277431034
15,21.5,19.985818718343257,1.030850759392159
15,22.0,22.72390998942851,1.3708147820485896
15,22.5,20.883767903390453,1.8375101051277531
15,23.0,22.876964903434384,2.3725492986871974
15,23.5,26.611991415692852,2.5575595545023426
16,0.0,24.05954941331835,2.6591748762949194
16,0.5,28.762882374755804,3.174667610052919
16,1.0,28.13218026400338,3.2044667152491826
16,1.5,27.217767295079316,3.8209202716734887
16,2.0,29.94861160858328,4.194540202992843
16,2.5,31.32892310650986,4.159518837212586
16,3.0,31.589569192818175,4.302206783656502
16,3.5,28.991489642494194,4.454499839328159
16,4.0,30.837497466538203,4.396626703600017
16,4.5,32.01975830676304,4.480285734003199
16,5.0,32.61575646666248,4.857528043380059
16,5.5,33.862567037316495,4.3114971316803805
16,6.0,33.26655150139988,4.126328514637752
16,6.5,30.928542352925326,3.832790316047788
16,7.0,33.297703386821496,4.0068804874515145
16,7.5,33.30691487801603,3.6473539819984766
16,8.0,32.76788890217207,3.3727773016715403
16,8.5,32.967997810661814,3.625769253350498
16,9.0,31.907737481315735,3.4896808627660563
16,9.5,30.55886155091242,2.9476393524166555
16,10.0,28.89475143281203,2.573919310441574
16,10.5,25.570026058646732,3.003559569852966
16,11.0,27.714979689519048,2.705106279656596
16,11.5,26.355741068505083,2.9501373554902557
16,12.0,25.40736825579306,2.368200284131424
16,12.5,22.040667598509124,2.838399492012586
16,13.0,21.30786282856744,2.386418644877842
16,13.5,23.51826182107864,2.816744628319485
16,14.0,20.94066726921502,2.5506898739144006
16,14.5,21.152159613989173,2.292818685503322
16,15.0,19.385623314703317,2.251633299431887
16,15.5,18.69780748691374,2.3257294034227116
16,16.0,19.479222478688488,2.085940322713039
16,16.5,16.834896647583644,1.9375381252203905
16,17.0,17.41677455509893,2.058680362009183
16,17.5,16.375028175951954,1.1439601163492885
16,18.0,16.348255658851528,1.6138901847592708
16,18.5,16.604682923806557,1.1739864145087546
16,19.0,17.60579404713802,0.8893060202026335
16,19.5,16.890840807414488,0.7077429913491642
16,20.0,19.955430958084776,1.0019931237751472
16,20.5,17.31126232434086,1.1720883879921942
16,21.0,19.062838284265577,1.0978471870286033
16,21.5,19.47031198051897,1.5762711348811327
16,22.0,23.170466826530596,1.285263624514942
16,22.5,22.233364705846647,1.7810989640561525
16,23.0,24.477214448382778,1.873254890445833
16,23.5,21.72744990268413,2.4126270158799428
17,0.0,25.400575398803888,2.9393947399835763
17,0.5,27.37865573119557,3.0491301709252308
17,1.0,27.193978344733303,2.9055594331395973
17,1.5,29.659688021518743,3.813064457554897
17,2.0,28.224067324849443,4.053684972362848
17,2.5,31.984112592348133,4.350451539346689
17,3.0,34.105201434921256,4.718840618835926
17,3.5,30.802568881670393,4.241445834643225
17,4.0,31.25994944817435,4.63268743134731
17,4.5,34.571112975766844,4.8085543994940725
17,5.0,35.09676482890862,4.156296419612837
17,5.5,32.14726885026058,4.373373691401698
17,6.0,32.36971977435621,4.070255627029153
17,6.5,32.50888197769972,3.9934043312977225
17,7.0,30.710730843761134,3.849968213567384
17,7.5,31.013058340363997,3.5173374076898254
17,8.0,30.421992080147408,3.2971333888427634
17,8.5,30.19513037467369,3.2851529073138566
17,9.0,30.604826918412208,2.949223757203663
17,9.5,30.22141353087455,2.8404355991862236
17,10.0,31.325750739221114,3.156031936497271
17,10.5,26.563936397812533,2.602115335028824
17,11.0,28.547035958535044,3.0002564330609185
17,11.5,25.723226271422153,2.8655550503160043
17,12.0,24.92580443552135,2.4026127873075205
17,12.5,24.968019700489492,2.612187656945004
17,13.0,21.245364606836386,2.865599964691541
17,13.5,22.512147160355358,2.4441752584565455
17,14.0,21.24967831231959,2.4642247391783734
17,14.5,20.86858546394246,2.5675115235316293
17,15.0,19.776898716369352,2.501456925923743
17,15.5,22.33612348753646,2.247307414841154
17,16.0,17.11518679334752,1.8743383225914347
17,16.5,16.812468307406977,2.104456651260295
17,17.0,16.337882600050307,1.9788054192141429
17,17.5,16.235225430269136,1.6483859664773732
17,18.0,16.043919309040223,1.2983812077842118
17,18.5,18.851965905670845,1.0588805721318555
17,19.0,19.40334976167223,0.9569006199919725
17,19.5,16.75284429928549,1.074168642306244
17,20.0,16.82326341006815,1.0295318196677916
17,20.5,19.36029661224972,1.329549112833854
17,21.0,18.51481118408616,1.2370062166059554
17,21.5,21.079306294563498,1.0216939179010351
17,22.0,21.304384531276945,1.7299058172122281
17,22.5,19.664916368583434,1.5068511780445843
17,23.0,25.25070544117492,2.0701440547217502
17,23.5,26.64960697188287,2.5376053926812503
18,0.0,24.08081696427342,3.121558006884996
18,0.5,25.462657197856437,3.6977862848623397
18,1.0,27.499350446907524,3.556907979357487
18,1.5,28.563152643901255,3.703739443122996
18,2.0,29.987816409009245,4.126150864237051
18,2.5,32.88539824021929,4.474162242965251
18,3.0,30.391433408251306,4.2961376145599575
18,3.5,30.1493808555222,4.795103200971053
18,4.0,29.859224388253715,4.500636610297881
18,4.5,31.294641200177416,4.571307361549074
18,5.0,32.67771615100185,4.572627326487829
18,5.5,35.62339568626716,4.498044453420991
18,6.0,32.22358305144574,4.334495591637294
18,6.5,33.267240818448826,3.9090089938311405
18,7.0,32.70277226620342,3.7285338087437783
18,7.5,34.17362617026242,3.48956930881515
18,8.0,35.718601869085944,3.6790735444672875
18,8.5,30.550523562949397,3.4447715201669458
18,9.0,29.922695085715045,3.237763563225686
18,9.5,31.436332747673376,3.428946688136733
18,10.0,30.022837234439468,2.9799506709967116
18,10.5,30.83152844752477,3.093650234670425
18,11.0,27.946444638809115,2.6306360180594357
18,11.5,25.505271401579826,2.6890782051550643
18,12.0,25.885982246038463,2.9156870188943094
18,12.5,25.618845833113948,2.9370457935394976
18,13.0,24.16017091097588,2.6554288836734155
18,13.5,22.69944358774023,2.631707407134414
18,14.0,22.600012034383735,2.2940408539660138
18,14.5,21.883851953598747,2.4341514994096167
18,15.0,21.416384237063916,2.572040022392018
18,15.5,19.626238109054583,2.33135963391691
18,16.0,17.821119649249212,2.115151491483056
18,16.5,17.82903426955969,1.8604343952213667
18,17.0,19.08235683944999,1.7147723453622528
18,17.5,15.843037602528662,1.3087844935941106
18,18.0,17.55300996330935,1.4663559829397879
18,18.5,16.478432890518476,1.2335223148833474
18,19.0,17.31571062408968,1.1587640967743686
18,19.5,19.52664153382065,0.9476727697556312
18,20.0,18.35844537175435,0.5612390503663921
18,20.5,18.722828099904337,1.2495358812249457
18,21.0,17.303361539037738,0.9748052175455941
18,21.5,21.249288916971064,1.1548543041166017
18,22.0,21.96822627171161,1.678127328263483
18,22.5,25.183414626037475,1.7936157232472625
18,23.0,22.467780286750326,2.2754378312888077
18,23.5,24.284515953735497,2.5400138108018298
19,0.0,25.374075525566134,2.5979361304070796
19,0.5,28.410389457405625,2.5910433992076363
19,1.0,26.92760906223974,3.360799923067497
19,1.5,28.479999747576226,3.4901342862240945
19,2.0,29.91184476457481,3.6431151573586664
19,2.5,30.1500051168043,3.9432470575564857
19,3.0,29.987203827666587,3.692897205674191
19,3.5,31.63796171167734,4.262448917769378
19,4.0,33.538650855065164,4.05913095082753
19,4.5,30.851263310973707,3.8879233498859778
19,5.0,32.926861121532866,3.8424449879492895
19,5.5,31.88137766858172,4.224004265765522
19,6.0,34.792569943387264,3.8179244195630604
19,6.5,30.646778533814818,3.9605913045848045
19,7.0,31.889023839405166,3.4086214141185778
19,7.5,32.95685407268708,3.031625400963639
19,8.0,34.27648927412702,3.0246050325047427
19,8.5,31.2482013307204,3.257076876499041
19,9.0,29.82405495945258,2.8120701506201007
19,9.5,32.69182703623065,2.7220555708258236
19,10.0,26.827979149375633,2.617227777381163
19,10.5,24.763258523990597,2.578210353079406
19,11.0,27.73057403590017,2.7659798383805225
19,11.5,25.291128201231498,2.74977369561808
19,12.0,23.46815077430393,2.3320907940713007
19,12.5,25.01832513318862,2.1840002131767013
19,13.0,23.29514870983663,2.3055785749474187
19,13.5,21.09241459497419,2.349872489039624
19,14.0,19.07954340199366,1.9992497590883513
19,14.5,21.438594560350452,2.0007694347944813
19,15.0,20.318447517445616,2.1297828644094894
19,15.5,18.504409482001048,1.8729333015699006
19,16.0,20.841752263795993,1.8121967247255344
19,16.5,16.003836590420477,1.3440246604709847
19,17.0,14.984305633300346,1.2443380346109747
19,17.5,16.03057900418765,0.9616283346849087
19,18.0,16.931620975466753,1.18598831148896
19,18.5,17.433450282993554,1.0850281147244725
19,19.0,16.910739302902957,0.3789736150925883
19,19.5,18.13704683468115,0.5252897252764802
19,20.0,16.194487633438825,0.3276830511731594
19,20.5,20.81882018378,0.6629803145090969
19,21.0,19.219918982918763,0.8113818381056335
19,21.5,21.805852315312425,0.7541773149357607
19,22.0,21.514088019566554,1.04143543569127
19,22.5,22.62366236980996,1.294434209127963
19,23.0,23.784098559528132,1.8443935685426058
19,23.5,24.62735330226556,2.1407666087496424
20,0.0,25.964084139801315,2.334575013526589
20,0.5,28.037938332959058,2.8884251821422255
20,1.0,27.36533411537237,3.022206860666743
20,1.5,29.124973095303485,3.40290235834393
20,2.0,28.86539645856916,4.020267554087445
20,2.5,32.03026725524397,4.239069438599295
20,3.0,29.642265796403475,3.7778798639304423
20,3.5,34.0482373716961,4.418973108849642
20,4.0,31.867966304308993,4.377164026839577
20,4.5,30.244873606913224,3.910613058182346
20,5.0,32.91956323267873,4.310453417278216
20,5.5,31.909981404778158,4.30991108653594
20,6.0,34.260965323483084,3.7033199984556098
20,6.5,31.952622922036895,3.509520530045314
20,7.0,32.05813146049038,3.7243872287302944
20,7.5,29.556725163672,3.3253921873769063
20,8.0,31.249743751401894,3.2674028098606254
20,8.5,27.711007732386445,2.9719165878277343
20,9.0,28.281000014263796,2.8750973220373996
20,9.5,31.01071341628621,2.515985195863394
20,10.0,30.178700237976248,2.895209306192914
20,10.5,28.699653801598167,2.829863662659679
20,11.0,25.62008814612635,2.43330734969321
20,11.5,25.972642503547448,2.4718238887462007
20,12.0,24.99459619136415,2.1436163852297803
20,12.5,22.218243428450773,2.468058250454541
20,13.0,25.18454509183056,2.559364986974721
20,13.5,23.25457597694279,2.3502430257822424
20,14.0,20.668553739255508,2.464542526422429
20,14.5,20.170237326422033,2.087333454559649
20,15.0,19.655719962428954,2.1540646466277322
20,15.5,15.590570975033685,1.5913157489365468
20,16.0,17.701030695943597,1.7067052484327974
20,16.5,16.585987367913006,1.4783173991552072
20,17.0,15.770163374845081,1.3590554941066584
20,17.5,16.646790669680584,1.091055927736686
20,18.0,19.696529790274283,1.0646013745738951
20,18.5,18.029705400910032,1.0610753356055176
20,19.0,16.415824905013256,0.6460109081558727
20,19.5,18.467837911943942,0.3998002094851099
20,20.0,20.170829924603495,1.0961959517671993
20,20.5,20.04012380203927,1.0459150256763516
20,21.0,19.432591305387877,0.5759970627166554
20,21.5,19.15950340137187,1.1026574525062889
20,22.0,22.04733497042038,1.1412098527316787
20,22.5,22.52876061921191,1.5450760740925331
20,23.0,24.272237469221427,1.8764290957563146
20,23.5,24.908548164762543,2.088452027154037
21,0.0,26.574329072979,2.640476739072091
21,0.5,25.24135672041956,2.931055348874909
21,1.0,29.046643459271653,3.298743774804926
21,1.5,28.357866865959316,3.567855751882727
21,2.0,32.1128913089379,4.069566323528929
21,2.5,28.836309704935413,4.032006503909817
21,3.0,33.260799954240255,4.582762549193589
21,3.5,31.643692897523852,4.778339522115824
21,4.0,30.951076224853836,4.371367365283596
21,4.5,31.665207509008813,4.530756633102812
21,5.0,32.24688564802107,4.526454583048101
21,5.5,33.56780781059336,4.446459949211741
21,6.0,33.78425323205325,4.228718650544815
21,6.5,32.07100888508261,4.145109156811483
21,7.0,32.69087472192108,3.936287023740646
21,7.5,35.60444179800809,3.5049921397763995
21,8.0,34.519517985426575,3.7290319947113155
21,8.5,32.00131222684093,3.5099660468346174
21,9.0,30.71385946674468,3.017286700590481
21,9.5,30.05013842214716,3.060049938790959
21,10.0,29.920276959095624,3.114658865064419
21,10.5,26.527278611123112,2.7889116445440005
21,11.0,26.684487554685152,3.0257130903167817
21,11.5,23.541333426944032,3.180354505334743
21,12.0,25.598834683907917,2.610767833990241
21,12.5,24.926584371793698,2.4702486069205065
21,13.0,22.204667945730773,2.7163209033698736
21,13.5,24.29951268601433,2.8383418314794793
21,14.0,19.16135150549649,2.448282512666604
21,14.5,17.933346247615507,2.677694301055648
21,15.0,19.679823478347583,2.074145406981921
21,15.5,20.22382073158835,2.372829833977932
21,16.0,20.597688306911294,1.9771432427848976
21,16.5,16.920637345606295,2.1671033313080326
21,17.0,18.890614639834396,2.106110518281773
21,17.5,17.010678404758455,1.3225466279990243
21,18.0,16.741059050088772,1.1923203443209474
21,18.5,18.393931015239524,1.3787102471430615
21,19.0,18.25107770730758,1.010995209714443
21,19.5,15.24437550443333,0.91532951382108
21,20.0,20.286607294313335,1.0548301761258927
21,20.5,20.723310308891293,0.7061851739042839
21,21.0,18.404801698243322,1.1008483643045952
21,21.5,20.723613868086346,1.1736936506458495
21,22.0,21.741045279424103,1.4339915516321047
21,22.5,22.329543189815144,2.0751285088381812
21,23.0,22.103989908411698,1.8012354642734727
21,23.5,22.94835541033251,2.5391688419339964
22,0.0,24.961668893512833,2.6930574807390237
22,0.5,27.80330306664946,3.090069916025891
22,1.0,27.885952592711813,3.6052358111147216
22,1.5,27.505545960791558,3.776660825287561
22,2.0,30.157548065972517,4.138464283693744
22,2.5,25.59727750112465,4.271624467724218
22,3.0,32.38000280005053,4.353666544788708
22,3.5,28.73725605416273,4.271249838846255
22,4.0,31.38454181817081,4.283351876045554
22,4.5,30.71153141815108,4.289183344274215
22,5.0,30.78538439673119,4.972491408510563
22,5.5,34.67279907205826,4.63414514901919
22,6.0,32.29844819803216,3.898738572699361
22,6.5,33.451314713586555,3.773490256645942
22,7.0,32.65702574199377,3.935194976150394
22,7.5,33.10659750092498,3.787042254804959
22,8.0,32.043436066865894,3.590695091340113
22,8.5,29.422338386047024,3.2041475054467123
22,9.0,32.15125447866309,3.1879749197831697
22,9.5,29.1294565573278,3.09041782058873
22,10.0,26.665127152010374,2.8975171735483136
22,10.5,27.419294717471853,2.413674817100828
22,11.0,29.321692046771638,2.8442736894111356
22,11.5,27.319542150930655,2.6506449812784068
22,12.0,24.47702179838821,2.7693529377333483
22,12.5,23.431903905761946,3.298668914090991
22,13.0,22.44699506235376,2.736323330842449
22,13.5,25.053654516420544,2.6539476481319575
22,14.0,21.57290317834733,2.7511626380165337
22,14.5,20.774971038716842,2.568828489566324
22,15.0,20.888570931555385,2.462147888613173
22,15.5,19.011357016209892,2.31924231655339
22,16.0,17.68323355099344,2.4221904772250493
22,16.5,17.314438966282236,1.608864111621668
22,17.0,17.16519150056636,1.7505711688323995
22,17.5,17.012607754244755,1.290659600043975
22,18.0,18.09144431545547,1.4538458587321141
22,18.5,17.146359937720465,0.9856282351243104
22,19.0,18.37155350551082,1.0085622508974263
22,19.5,17.48788886974683,0.9326991755193513
22,20.0,18.189749555198627,1.1820101037129112
22,20.5,15.655872250871951,1.1217875521917178
22,21.0,20.71763726256134,0.9238575051637061
22,21.5,20.64964128177722,1.3204068500693804
22,22.0,22.497015164789474,1.4133792417231856
22,22.5,17.59414947378875,1.3926393145285598
22,23.0,26.06200969635092,2.1278740266826266
22,23.5,23.746406020006827,2.3387727651834664
23,0.0,26.662274225106273,3.2852115240222926
23,0.5,24.484350647072116,3.133045342209877
23,1.0,27.98971321841402,3.1747507505245975
23,1.5,26.481344114160233,3.5649697101406543
23,2.0,28.06434655895629,4.165822298125231
23,2.5,32.74113846286994,4.709991919043989
23,3.0,30.37083064834736,4.0424563944266865
23,3.5,31.672976032099463,4.105783908058098
23,4.0,33.23330482630864,4.930037906675605
23,4.5,33.1345590920492,4.60487911596113
23,5.0,32.953034968027914,4.274043494212446
23,5.5,33.47900039468982,4.456321089775266
23,6.0,36.60512337785741,3.7710041535323473
23,6.5,32.845130695440105,4.020471428769695
23,7.0,33.029055180385,3.9155468815270495
23,7.5,33.96701785410171,3.888255933832234
23,8.0,33.58649212971249,3.3244308157035305
23,8.5,33.12737218067045,3.383427110276826
23,9.0,31.614949582536156,3.0118916996880243
23,9.5,28.155584062974043,3.0467024920611085
23,10.0,31.450147298451643,2.844819912210281
23,10.5,26.341949369392687,2.743594363375916
23,11.0,27.52450555867872,2.6371549419253406
23,11.5,24.912795762731378,2.8789511248492228
23,12.0,24.90379248011051,2.918803997734648
23,12.5,24.44893407769481,2.685203904736812
23,13.0,23.411483462355243,2.699409248739638
23,13.5,22.57141367243221,2.3524680771200783
23,14.0,23.420566903587975,2.5622969197769447
23,14.5,20.810210020201207,2.4633071581606636
23,15.0,18.97691079757165,2.844937804709288
23,15.5,20.099304030102658,2.0081172031722065
23,16.0,19.856002503111455,2.3689002805731687
23,16.5,15.767552017204215,1.988006944907672
23,17.0,18.168693494462243,1.7420770941850126
23,17.5,18.120200222475862,1.8608876969262427
23,18.0,16.553654744960014,1.3710307368701733
23,18.5,19.132001328976944,1.3067666182928093
23,19.0,17.047510009138662,1.0416901781237693
23,19.5,17.79732842011702,1.2457141213617637
23,20.0,17.81218903329869,1.1948137909491479
23,20.5,18.676541849042316,0.9035812938491035
23,21.0,17.698733120164814,0.8185844172613339
23,21.5,17.96983224403879,1.1884296292581265
23,22.0,23.391757594837454,1.4221297726949302
23,22.5,20.66809051860179,1.723853613084947
23,23.0,21.442359114995366,2.280175546263662
23,23.5,20.725705291834014,2.218387970012088
24,0.0,24.041557378465747,2.7126820450916576
24,0.5,24.059574847649166,3.0453146501167283
24,1.0,29.53357510102472,3.666276283594823
24,1.5,29.57619309293467,3.321392113541155
24,2.0,27.967774482233416,3.8373084177846057
24,2.5,33.24874514008623,4.349788303242387
24,3.0,32.12950247997977,4.652429003108622
24,3.5,30.859579647066944,4.358986404033691
24,4.0,28.17909465796515,4.028908025342568
24,4.5,35.82745011897641,4.731685300487992
24,5.0,30.643047910167155,4.25132995108677
24,5.5,30.463460770555145,4.020995752008667
24,6.0,34.53385564801446,4.111146591497789
24,6.5,36.59118750049939,4.095272960070871
24,7.0,34.80381583807833,3.7822765337815896
24,7.5,33.23689994016883,3.2403851570868674
24,8.0,32.82033474277344,3.683638523931293
24,8.5,32.62695006050034,3.606252022646796
24,9.0,31.795247134172527,3.3326899497169338
24,9.5,30.29187856802383,2.8321774419927754
24,10.0,29.156301655927813,2.9147755006176674
24,10.5,27.967577767071436,2.872679120092431
24,11.0,25.939605477520153,2.908529896361012
24,11.5,25.623196922460256,2.9037040090199735
24,12.0,22.46056477870692,2.526982183605508
24,12.5,23.808281022047463,2.7293075383415863
24,13.0,21.44656097845346,2.7242700561536273
24,13.5,20.283148565255626,2.864702871260843
24,14.0,21.26984122673022,2.698611787037515
24,14.5,22.217911997447136,2.673390478361494
24,15.0,20.720620659511095,2.389855807947349
24,15.5,16.297422372235356,2.3985459876317208
24,16.0,16.58735456486899,2.0599579538673067
24,16.5,19.02012052189203,1.713994663320431
24,17.0,15.79886229937999,1.8955288714595557
24,17.5,16.731491384013978,1.607082989441165
24,18.0,17.82507814853683,1.2461435402304086
24,18.5,15.615924426714063,1.0275538786114886
24,19.0,17.43065664890639,1.1231238169484625
24,19.5,15.607925497532397,1.0279552162540166
24,20.0,17.169745303797672,0.9957050854281819
24,20.5,19.13284617888392,1.104667615932171
24,21.0,16.953655150210114,1.4000729919977224
24,21.5,20.79062067487083,1.5279580401091961
24,22.0,20.970543301609975,1.5476281750306402
24,22.5,22.767267472705004,1.987795952784611
24,23.0,23.26531884027682,1.8808719303797696
24,23.5,26.002001107200353,2.547722585479798
25,0.0,25.18783675397186,3.117496372565778
25,0.5,25.400101226072533,3.0303167154292754
25,1.0,27.25399861536859,3.2586760268602655
25,1.5,28.8764145024753,3.619358844905683
25,2.0,29.073290105488557,3.773887337966842
25,2.5,29.930978968875586,4.051046198024633
25,3.0,29.603866717782246,4.262542519239319
25,3.5,30.35247534600346,4.1610403606672985
25,4.0,29.824295322575967,4.456698253279189
25,4.5,35.015401374870706,4.763836983728924
25,5.0,30.86161175722562,4.2034081082342665
25,5.5,31.89220109429662,4.605648078267337
25,6.0,31.922389101646203,4.259830090754906
25,6.5,34.27394545640714,4.268776887404086
25,7.0,32.28498209287451,3.6960935435626903
25,7.5,34.2626493691009,3.883175896787966
25,8.0,30.917967293909708,3.228767481008892
25,8.5,31.76531796566558,3.5034775517133108
25,9.0,29.403833669602744,3.1650110154706455
25,9.5,33.08781512372985,3.254242916745876
25,10.0,27.21860237145573,2.661823907748038
25,10.5,28.52619852426126,2.711728037398696
25,11.0,28.021217682218317,2.970665028240252
25,11.5,26.664908183937662,2.6116176482758395
25,12.0,24.72206851168344,2.8343033137703273
25,12.5,23.761059412639447,2.438064217484585
25,13.0,22.995164847148498,2.8489069338247637
25,13.5,21.71802953863655,2.370080173079215
25,14.0,22.445818675192367,2.703449790062339
25,14.5,23.44569307031726,2.6775387598016938
25,15.0,18.506908072995873,2.1673247410801046
25,15.5,16.598468808301504,2.2418908650899496
25,16.0,17.93937369719761,2.070654421311977
25,16.5,21.478527746391183,1.8521960908515722
25,17.0,16.067081537732857,1.4211905177698618
25,17.5,19.52711631717562,1.158845944593693
25,18.0,19.51655122111466,1.4554265460933788
25,18.5,16.238058746447525,0.82915594741093
25,19.0,18.126068008465364,1.1037398885953411
25,19.5,20.05155867460251,1.0159376092961532
25,20.0,17.50310515824326,1.1020759830229474
25,20.5,18.34780273751657,0.9584454781046007
25,21.0,18.470624379584653,1.0397010366942643
25,21.5,18.607773471890933,1.394538134430481
25,22.0,20.026083682400987,1.5481788740181892
25,22.5,20.1026221409359,1.7828256681145969
25,23.0,22.980572841568666,2.1726878490857384
25,23.5,22.800830615651623,2.064987636102553
26,0.0,25.35067886768612,2.61187810202798
26,0.5,23.71036606845497,2.845727598581944
26,1.0,27.56687270914185,2.934252409681981
26,1.5,29.311760901334104,3.414020919855219
26,2.0,26.009396536142816,3.5920356808294214
26,2.5,30.431176286841122,3.896105142308793
26,3.0,32.498357738202316,4.190250862883634
26,3.5,29.53236519429307,4.403823816317952
26,4.0,34.437061810532064,4.508310926662517
26,4.5,33.01956477413936,3.961062612263373
26,5.0,31.669888826674935,4.233621654408339
26,5.5,32.84790527450392,4.296249082852285
26,6.0,33.83749036878258,3.9924864152013186
26,6.5,33.0455669781091,3.9440055009675263
26,7.0,33.5355405989821,3.9676312986564986
26,7.5,31.010025870471246,3.51943405563715
26,8.0,32.18224446632963,3.2349442953888983
26,8.5,29.22625497697241,3.1582738567021647
26,9.0,30.49001515746933,2.8922061587673156
26,9.5,28.51422996987258,2.711165726790193
26,10.0,27.89670508611535,2.547003063170051
26,10.5,29.915607221736376,2.9451069385446926
26,11.0,28.707517541711574,2.408122647185972
26,11.5,26.957916719121183,2.8165510501118085
26,12.0,23.36153085299113,2.5008187503378085
26,12.5,23.481177787697384,2.1232340950679838
26,13.0,24.749094189148607,2.5054198301497177
26,13.5,22.15110791153914,1.9095718856896702
26,14.0,24.478994309972546,2.479086674936047
26,14.5,20.719885327021796,2.347684637371428
26,15.0,19.631219425242673,1.921937254203013
26,15.5,18.18949858136637,1.8979259840560667
26,16.0,18.272108126897916,2.119379488286332
26,16.5,17.380258985338887,1.4358670584061635
26,17.0,18.33475640472034,1.179150183183408
26,17.5,18.50349458420139,1.5169951114315015
26,18.0,15.821015809238077,1.3671479123833015
26,18.5,15.07159167867285,0.8078616240196703
26,19.0,14.518285330032505,0.8787301754357648
26,19.5,18.37095073027852,0.9865041972890594
26,20.0,16.416746860463682,0.4851598324942441
26,20.5,15.423837388241388,0.5340744504507444
26,21.0,19.92601365730406,1.0954271749262117
26,21.5,23.86940784407942,1.4430158804801785
26,22.0,20.990893632690156,1.3226877387449116
26,22.5,23.196268702756747,1.3364410028322555
26,23.0,23.052191677001176,2.178395118526897
26,23.5,23.807455982452872,1.9961066421856186
27,0.0,26.378614724481654,2.4243308855001597
27,0.5,25.608797721477437,2.8486543562678217
27,1.0,27.47164083192802,3.4455641632238203
27,1.5,28.544014168214737,3.6105998079069233
27,2.0,27.997864319535427,3.7425242719291076
27,2.5,31.35815495637455,4.043471565298764
27,3.0,30.394414614449268,4.069063509586028
27,3.5,30.213208983090613,4.249603676519343
27,4.0,32.732967995631114,3.734922751142062
27,4.5,31.043334287403738,4.104898044533625
27,5.0,32.76967834636624,4.190465728921225
27,5.5,32.917880396024174,3.802358855866909
27,6.0,34.62884334874737,4.016129964024733
27,6.5,33.64360624031041,3.702856349599148
27,7.0,32.68986617219483,3.890902116375825
27,7.5,33.617685708890725,3.7075258866113097
27,8.0,34.01351455380148,3.1468595650610753
27,8.5,32.183542181857675,3.0078072357184324
27,9.0,30.67238317925745,2.8539101196799024
27,9.5,27.902337083544527,2.5976964363114354
27,10.0,27.40232950538694,2.64145963969657
27,10.5,27.60363040238872,2.411408548420323
27,11.0,26.156284057581246,2.2691483088629574
27,11.5,25.763752583282248,2.598794825881071
27,12.0,25.08497488734566,2.578455163464732
27,12.5,24.750329593774683,2.2803067322786927
27,13.0,22.823699472091196,2.553199216192231
27,13.5,22.668285006818586,2.218776954245312
27,14.0,21.096711622215185,2.303149638544715
27,14.5,17.16670871839943,2.228111845037451
27,15.0,17.934142659779493,1.9827736294287857
27,15.5,18.437041944087696,1.971590928174817
27,16.0,16.25725465546283,1.564816468615708
27,16.5,18.508856834904012,1.531581018059885
27,17.0,19.568719638203,1.3867787114231396
27,17.5,18.89658388655549,1.0831394407015569
27,18.0,16.679835693604687,0.9650402381849844
27,18.5,19.304530314284445,0.6243869889456992
27,19.0,17.495594575490617,0.6675260962894161
27,19.5,17.103334783232647,0.6232054370975728
27,20.0,17.151692774413082,0.604469105921327
27,20.5,18.19946874793792,0.6661050691410582
27,21.0,18.760880522695775,0.8019454382849903
27,21.5,20.385532901493466,1.0973850800781109
27,22.0,21.240860971574794,1.3925140017030841
27,22.5,21.943101571309406,1.3448558142195928
27,23.0,23.584854893799353,1.5563226216131247
27,23.5,25.7417598744191,1.9519210560583777
28,0.0,26.424331203161984,2.695289351855874
28,0.5,23.81686258508556,2.956044471714839
28,1.0,23.239670658467233,3.15377376063755
28,1.5,29.462947325779627,3.508149274473446
28,2.0,26.949681952376867,3.836881535347131
28,2.5,29.53294332923074,4.232342834483623
28,3.0,28.90168471040334,4.434584571903071
28,3.5,28.64385606595985,4.279410575480054
28,4.0,32.74039732258269,4.458458082060782
28,4.5,33.52976900054426,4.353472915972339
28,5.0,31.86264100922247,4.408702387748601
28,5.5,29.044995452773115,4.046689397455115
28,6.0,32.18063332762127,4.280044562476879
28,6.5,33.5192648990943,3.6828470551730668
28,7.0,30.509039257151358,3.7024562347709304
28,7.5,32.66607613975903,3.7245951223327354
28,8.0,31.905238456516017,3.513539299230645
28,8.5,32.21576397173151,3.877548164524086
28,9.0,30.83622480211361,3.2435748864008467
28,9.5,28.410488020747433,2.802461940291045
28,10.0,30.794857252496737,2.9851376258864244
28,10.5,27.823673099380265,2.514416976414297
28,11.0,27.02959555155527,2.805350770810331
28,11.5,24.644307599150622,2.5740580201769165
28,12.0,24.335076623212736,2.9131303538084143
28,12.5,22.628586391199235,2.5676095332143207
28,13.0,22.6700285492947,2.6461648191967666
28,13.5,24.5060952612928,2.573115239431724
28,14.0,18.94214828560297,2.835649961209419
28,14.5,17.709566471115124,2.316080221872848
28,15.0,21.54990124174804,2.764480308524425
28,15.5,18.33918776194232,2.3405374727058823
28,16.0,17.06818766173462,2.0888437330484533
28,16.5,19.16882077100382,1.9644198822920025
28,17.0,16.364170080082157,1.710573570498833
28,17.5,19.80745567932992,1.1742467479237155
28,18.0,18.016888807008904,1.284729985380116
28,18.5,16.33657399679096,1.3141035534305086
28,19.0,20.508555709585707,1.1463662430458685
28,19.5,16.700391355404697,0.6870542635759536
28,20.0,19.184939827738454,1.0062215779046702
28,20.5,19.10211214827985,1.38230496357657
28,21.0,21.295757684605814,1.4397229362212611
28,21.5,22.47217536302051,1.3516952484335032
28,22.0,21.048006223598648,1.7021147998489126
28,22.5,20.808405735560008,1.6674665804431539
28,23.0,23.619405853588503,1.7572250041192845
28,23.5,22.93921740761143,2.1913604668768576
29,0.0,28.020080871289935,3.1531801798403376
29,0.5,26.24901253438452,3.044594617391249
29,1.0,26.522570033852002,3.357583159263581
29,1.5,28.33848791771808,3.6736711858266027
29,2.0,26.979310565705454,4.309821877156428
29,2.5,28.412670374303787,4.487641104885432
29,3.0,32.45747511140902,4.866008437455754
29,3.5,30.361485303872787,4.410615021159097
29,4.0,30.3578367562526,4.528705727248987
29,4.5,33.19601538888122,4.225471459507751
29,5.0,34.50596284230704,4.789676762039748
29,5.5,34.00998885698808,4.13176901616614
29,6.0,34.49407152870872,4.278177258613788
29,6.5,31.79636625813629,3.7688728888045797
29,7.0,30.594690610199784,3.6591783445051362
29,7.5,34.643036738023525,3.5562299862323816
29,8.0,31.444183472012305,3.341365694295869
29,8.5,30.97057719764731,3.193761287875665
29,9.0,32.64914546226596,3.11834874230682
29,9.5,30.704436446170757,3.238758094778208
29,10.0,29.68383165812241,2.749927148860505
29,10.5,31.308970976272345,3.018333464817123
29,11.0,26.105275015249955,3.0373329350416354
29,11.5,27.435969729882274,2.7217798225963388
29,12.0,25.085519687345627,2.608981812470848
29,12.5,24.358678880534473,2.6833154377774346
29,13.0,25.22215027879863,2.982026695913076
29,13.5,22.700286175513718,2.684874061329904
29,14.0,21.807444118574452,2.467595706906377
29,14.5,21.73866957389494,2.5979771984174325
29,15.0,18.795716656193296,2.0948849322946574
29,15.5,17.394358776661612,2.285634152812397
29,16.0,16.504582978692945,2.0572437086304793
29,16.5,14.659428855845702,1.6938298011459785
29,17.0,20.356904084597936,1.5838789713016097
29,17.5,15.413628560426991,1.2506302657690584
29,18.0,16.668119564621342,1.4070070542078223
29,18.5,16.653221159176134,1.4003674745630117
29,19.0,17.7337034364011,0.9454385621393926
29,19.5,18.83256955871865,1.123734919746384
29,20.0,19.36250700226411,0.60462407953552
29,20.5,17.778557119816707,0.8848536633401376
29,21.0,19.092463179828,1.1180339713968024
29,21.5,20.553778493662684,1.1246074608296077
29,22.0,20.626963310724676,1.311892382093157
29,22.5,24.349550905109272,1.713446428309465
29,23.0,23.665910066637203,2.157832993541364
29,23.5,25.058107141314313,2.40235455283258
