time_normalized,hour,true_demand,measured_demand
0.0,0.0,1.8,1.8496714153011233
0.001001001001001001,0.024024024024024024,1.8188299716250913,1.8050035415079728
0.002002002002002002,0.04804804804804805,1.8375775746461107,1.90234642845618
0.003003003003003003,0.07207207207207207,1.8562346326124872,2.00853761825329
0.004004004004004004,0.0960960960960961,1.874792997493583,1.8513776600212495
0.005005005005005005,0.12012012012012012,1.8932445547055483,1.8698308590106303
0.006006006006006006,0.14414414414414414,1.9115812281240878,2.0695025096748267
0.007007007007007007,0.16816816816816815,1.9297949850799718,2.0065384579952625
0.008008008008008008,0.1921921921921922,1.947877841334119,1.9009304027406237
0.009009009009009009,0.21621621621621623,1.9658218660291078,2.0200778703877043
0.01001001001001001,0.24024024024024024,1.9836191866139707,1.9372774173327245
0.011011011011011011,0.26426426426426425,2.001261993739151,1.9546890183821253
0.012012012012012012,0.2882882882882883,2.0187425461185122,2.0429387732751154
0.013013013013013013,0.3123123123123123,2.036053175355316,1.8447251508895361
0.014014014014014014,0.3363363363363363,2.0531862907290974,1.880694507477794
0.015015015015015015,0.36036036036036034,2.070134383940398,2.013905631016301
0.016016016016016016,0.3843843843843844,2.0868900338103344,1.9856069217768921
0.017017017017017015,0.40840840840840836,2.1034459109320145,2.1348706441915417
0.018018018018018018,0.43243243243243246,2.119794782270832,2.028992374718711
0.01901901901901902,0.4564564564564565,2.135929515710714,1.994699145577185
0.02002002002002002,0.4804804804804805,2.1518430845434176,2.298407961435573
0.02102102102102102,0.5045045045045045,2.1675285718980084,2.1449509418493546
0.022022022022022022,0.5285285285285285,2.1829791751076972,2.18973199557649
0.023023023023023025,0.5525525525525525,2.1981882100112347,2.055713391389889
0.024024024024024024,0.5765765765765766,2.213149115186124,2.1587108427336057
0.025025025025025023,0.6006006006006006,2.2278554561109267,2.2389477150819133
0.026026026026026026,0.6246246246246246,2.2423009292540126,2.1272015715117822
0.02702702702702703,0.6486486486486487,2.256479366086111,2.294049167920678
0.028028028028028028,0.6726726726726726,2.2703847370141053,2.2103208680222246
0.029029029029029027,0.6966966966966966,2.2840111552335367,2.254841780254209
0.03003003003003003,0.7207207207207207,2.297352880497336,2.237182219274396
0.031031031031031032,0.7447447447447448,2.310404322798364,2.495632141249258
0.03203203203203203,0.7687687687687688,2.3231600459633848,2.3218103234895913
0.03303303303303303,0.7927927927927927,2.33561477115615,2.22984367826056
0.03403403403403403,0.8168168168168167,2.34776338028734,2.430017871497659
0.035035035035035036,0.8408408408408409,2.359600919329145,2.2375165543320428
0.036036036036036036,0.8648648648648649,2.3711226015323525,2.392008961032828
0.037037037037037035,0.8888888888888888,2.382323810543843,2.1863567981558654
0.03803803803803804,0.912912912912913,2.3932001034224766,2.2603814985326336
0.03903903903903904,0.9369369369369369,2.4037472135514073,2.4234333371383197
0.04004004004004004,0.960960960960961,2.413961053444927,2.4878077114444683
0.04104104104104104,0.984984984984985,2.423837717448003,2.440974545567
0.04204204204204204,1.009009009009009,2.43337348432675,2.4218086560879257
0.043043043043043044,1.033033033033033,2.442564819748129,2.4124544501892
0.044044044044044044,1.057057057057057,2.451408378647254,2.303556179610511
0.04504504504504504,1.0810810810810811,2.4599010074807377,2.387916586641267
0.04604604604604605,1.105105105105105,2.468039746364589,2.42197586926861
0.04704704704704705,1.1291291291291292,2.4758218310952476,2.581534053717139
0.04804804804804805,1.1531531531531531,2.483244695052406,2.517606524009252
0.04904904904904905,1.177177177177177,2.490305970982354,2.3140019554460807
0.050050050050050046,1.2012012012012012,2.497003492660637,2.5294118896001168
0.05105105105105105,1.2252252252252251,2.5033352964329225,2.464827068391291
0.05205205205205205,1.2492492492492493,2.509299622633011,2.441607422602415
0.05305305305305305,1.2732732732732732,2.5148949168770303,2.576062545761117
0.05405405405405406,1.2972972972972974,2.5201198312329254,2.6232197834825204
0.055055055055055056,1.3213213213213213,2.5249732252644144,2.618101237176034
0.056056056056056056,1.3453453453453452,2.529454166948689,2.4455324146264252
0.057057057057057055,1.3693693693693694,2.5335619334671877,2.502640695882066
0.058058058058058054,1.3933933933933933,2.537296011868878,2.570422355009234
0.05905905905905906,1.4174174174174174,2.5406560996055276,2.6382106123177635
0.06006006006006006,1.4414414414414414,2.5436421049385687,2.49572468115404
0.06106106106106106,1.4654654654654653,2.5462541472171965,2.5276882495508146
0.062062062062062065,1.4894894894894897,2.548492557027453,2.43785905962685
0.06306306306306306,1.5135135135135134,2.550357876212116,2.4307372138040493
0.06406406406406406,1.5375375375375375,2.5518508577612926,2.6331034400007125
0.06506506506506507,1.5615615615615617,2.552972465573704,2.688596468430786
0.06606606606606606,1.5855855855855854,2.5537238740887243,2.5465228619306908
0.06706706706706707,1.6096096096096097,2.5541064677893166,2.654459757578519
0.06806806806806806,1.6336336336336335,2.5541218405760957,2.5902854430808593
0.06906906906906907,1.6576576576576576,2.553771795012816,2.4892598195523035
0.07007007007007007,1.6816816816816818,2.553058341443683,2.5891979019945244
0.07107107107107107,1.7057057057057055,2.551983696982943,2.70578735362954
0.07207207207207207,1.7297297297297298,2.550550284377307,2.5469676804663117
0.07307307307307308,1.7537537537537538,2.54876073074183,2.7052250963232307
0.07407407407407407,1.7777777777777777,2.546617866169954,2.2846433557609793
0.07507507507507508,1.8018018018018018,2.544124722218498,2.6263149726560204
0.07607607607607608,1.825825825825826,2.54128453026846,2.549989237092277
0.07707707707707707,1.84984984984985,2.5381007197625696,2.508199984715983
0.07807807807807808,1.8738738738738738,2.53457691632061,2.5437529939741603
0.07907907907907907,1.8978978978978978,2.530716939733605,2.331960048273516
0.08008008008008008,1.921921921921922,2.526524801838044,2.504557613054293
0.08108108108108109,1.945945945945946,2.5220047042713842,2.557715961422559
0.08208208208208208,1.96996996996997,2.5171610361101573,2.6649504405843087
0.08308308308308308,1.993993993993994,2.5119983713920755,2.460171349564711
0.08408408408408408,2.018018018018018,2.506521466523598,2.4256721062342796
0.08508508508508508,2.042042042042042,2.5007352575745028,2.450559553216049
0.08608608608608609,2.066066066066066,2.49464485746107,2.586185069231277
0.08708708708708708,2.09009009009009,2.488255553019562,2.5211306639855304
0.08808808808808809,2.114114114114114,2.4815728019717445,2.4285967815950404
0.0890890890890891,2.1381381381381384,2.4746022297842694,2.525928973095605
0.09009009009009009,2.1621621621621623,2.4673496264238004,2.4770573813586045
0.09109109109109109,2.186186186186186,2.4598209430098312,2.55668544206312
0.0920920920920921,2.21021021021021,2.452022288367216,2.3818169789794807
0.09309309309309309,2.234234234234234,2.443959925480478,2.4111937108207013
0.0940940940940941,2.2582582582582584,2.4356402678520492,2.3964294525388334
0.09509509509509509,2.2822822822822824,2.4270698757666254,2.2807183809534135
0.0960960960960961,2.3063063063063063,2.4182554524639097,2.4478674801703675
0.0970970970970971,2.33033033033033,2.40920384022205,2.435309367440039
0.0980980980980981,2.354354354354354,2.3999220163541497,2.4004333620183957
0.0990990990990991,2.3783783783783785,2.390417089120276,2.3669583757827612
0.10010010010010009,2.4024024024024024,2.3806962935574494,2.239159219352408
0.1011011011011011,2.4264264264264264,2.3707669872301436,2.3287024549536075
0.1021021021021021,2.4504504504504503,2.3606366459038823,2.3263651942512054
0.1031031031031031,2.474474474474474,2.350312859144564,2.2700851322224023
0.1041041041041041,2.4984984984984986,2.3398033258461894,2.3236747546795886
0.10510510510510511,2.5225225225225225,2.3291158496897246,2.3695209353711784
0.1061061061061061,2.5465465465465464,2.318258334535854,2.5068769246569067
0.10710710710710711,2.5705705705705704,2.307238779754446,2.3246965610376296
0.10810810810810811,2.5945945945945947,2.296065275493575,2.3218203145658514
0.1091091091091091,2.6186186186186187,2.284745997890984,2.2773014063143675
0.11011011011011011,2.6426426426426426,2.2732892042309194,2.081412082701015
0.1111111111111111,2.6666666666666665,2.261703228049295,2.259051840504373
0.11211211211211211,2.6906906906906904,2.2499964741901737,2.2560194951842765
0.11311311311311312,2.714714714714715,2.2381774138165964,2.484501625065125
0.11411411411411411,2.7387387387387387,2.226254579378806,2.207018482900694
0.11511511511511512,2.7627627627627627,2.2142365595429463,2.2443912937763075
0.11611611611611611,2.7867867867867866,2.2021319940833424,2.198660817112818
0.11711711711711711,2.8108108108108105,2.1899495687414925,2.0730817649795394
0.11811811811811812,2.834834834834835,2.177698010054919,2.291980291506421
0.11911911911911911,2.858858858858859,2.1653860801590423,2.2405793834277197
0.12012012012012012,2.8828828828828827,2.153022571565278,2.232125766269583
0.12112112112112113,2.906906906906907,2.140616301918546,2.0496775564390717
0.12212212212212212,2.9309309309309306,2.128176108737414,2.2684555398310238
0.12312312312312312,2.954954954954955,2.1157108441401022,1.9755257378608742
0.12412412412412413,2.9789789789789793,2.1032293695595845,2.1619150789396113
0.12512512512512514,3.0030030030030033,2.0907405504510317,2.3097861130320294
0.12612612612612611,3.0270270270270268,2.078253250994842,1.979199618481773
0.12712712712712712,3.0510510510510507,2.0657763287985196,2.0091465558382424
0.12812812812812813,3.075075075075075,2.05331862960065,2.063283766109414
0.12912912912912913,3.0990990990990994,2.040888981980223,1.9905414165686033
0.13013013013013014,3.1231231231231233,2.028496192074564,1.8734298489679506
0.13113113113113112,3.147147147147147,2.0161490383091087,2.0230053357897115
0.13213213213213212,3.1711711711711708,2.003856266142268,1.8976258947696576
0.13313313313313313,3.195195195195195,1.9916265828286117,2.03898582589213
0.13413413413413414,3.2192192192192195,1.9794686522035883,1.887526228780208
0.13513513513513514,3.2432432432432434,1.9673910894929922,2.122384529994746
0.13613613613613612,3.267267267267267,1.9554024561503658,1.8770771269167421
0.13713713713713713,3.291291291291291,1.943511254725514,1.9113051031049464
0.13813813813813813,3.315315315315315,1.9317259237672886,2.0130776455042554
0.13913913913913914,3.3393393393393396,1.9200548327637779,1.7969684011203824
0.14014014014014015,3.3633633633633635,1.908506277123009,1.9312522705834219
0.14114114114114115,3.3873873873873874,1.8970884731972584,2.027802748625501
0.14214214214214213,3.411411411411411,1.8858095533540304,1.7250612298979076
0.14314314314314314,3.4354354354354353,1.8746775610967301,1.8931409469499605
0.14414414414414414,3.4594594594594597,1.8637004462380453,1.8896887256628876
0.14514514514514515,3.4834834834834836,1.8528860601289934,1.9310683473067245
0.14614614614614616,3.5075075075075075,1.8422421509465816,1.7185470798587734
0.14714714714714713,3.531531531531531,1.8317763590429728,1.6997306977345452
0.14814814814814814,3.5555555555555554,1.821496212359021,1.8736903689207107
0.14914914914914915,3.5795795795795797,1.8114091219050017,1.8411075892283204
0.15015015015015015,3.6036036036036037,1.8015223773113136,1.8265716623459012
0.15115115115115116,3.6276276276276276,1.7918431424518926,1.8264879634015903
0.15215215215215216,3.651651651651652,1.78237845114303,1.714375978985181
0.15315315315315314,3.6756756756756754,1.7731352029202443,1.7963605726363447
0.15415415415415415,3.6996996996997,1.7641201588957969,1.793427406225665
0.15515515515515516,3.7237237237237237,1.7553399376994125,1.6839047958967757
0.15615615615615616,3.7477477477477477,1.746801011504691,1.9333784626191668
0.15715715715715717,3.771771771771772,1.7385097021436586,1.7858929942348374
0.15815815815815815,3.7957957957957955,1.7304721773118492,1.6113418275915843
0.15915915915915915,3.81981981981982,1.722694446866247,1.78834980772963
0.16016016016016016,3.843843843843844,1.7151823592183713,1.617714192195639
0.16116116116116116,3.8678678678678677,1.707941597824713,1.7866500581989582
0.16216216216216217,3.891891891891892,1.7009776777766883,1.8168372356774287
0.16316316316316315,3.9159159159159156,1.6942959424921988,1.6122277106570277
0.16416416416416416,3.93993993993994,1.687901560510834,1.7842391734352663
0.16516516516516516,3.963963963963964,1.6817995223946842,1.723077615088334
0.16616616616616617,3.987987987987988,1.675994637736665,1.7582006537361141
0.16716716716716717,4.012012012012012,1.6704915322781904,1.8601708305435851
0.16816816816816815,4.036036036036036,1.6652946451379655,1.6407558335376784
0.16916916916916916,4.06006006006006,1.6604082261535948,1.5850346097178458
0.17017017017017017,4.084084084084084,1.6558363333376378,1.5668848903750854
0.17117117117117117,4.108108108108108,1.6515828304496716,1.5700018019531277
0.17217217217217218,4.132132132132132,1.6476513846858452,1.6399412137444347
0.17317317317317318,4.156156156156157,1.6440454644873403,1.6781606619690048
0.17417417417417416,4.18018018018018,1.6407683374690827,1.6684374174020846
0.17517517517517517,4.2042042042042045,1.6378230684699604,1.7205413933735627
0.17617617617617617,4.228228228228228,1.635212517725754,1.6365127069135446
0.17717717717717718,4.252252252252252,1.6329393391658757,1.7782927468816074
0.1781781781781782,4.276276276276277,1.6310059788349704,1.604540295511175
0.17917917917917917,4.3003003003003,1.6294146734403308,1.9014315900992926
0.18018018018018017,4.324324324324325,1.6281674490260065,1.6907341838025072
0.18118118118118118,4.348348348348348,1.6272661197744203,1.541550364132792
0.18218218218218218,4.372372372372372,1.626712286936205,1.5196230371300938
0.1831831831831832,4.396396396396397,1.6265073378889126,1.674754579413231
0.1841841841841842,4.42042042042042,1.6266524453251598,1.6043061667925747
0.18518518518518517,4.444444444444445,1.6271485665706926,1.698548615979902
0.18618618618618618,4.468468468468468,1.6279964430327736,1.6753202054901282
0.1871871871871872,4.4924924924924925,1.62919659977922,1.6219137085135327
0.1881881881881882,4.516516516516517,1.6307493452483293,1.5460699734414887
0.1891891891891892,4.54054054054054,1.632654771089856,1.4811700486212696
0.19019019019019018,4.564564564564565,1.6349127521371196,1.5902612569304175
0.19119119119119118,4.588588588588588,1.6375229465102412,1.7231628259425884
0.1921921921921922,4.612612612612613,1.6404847958504267,1.661894170263447
0.1931931931931932,4.636636636636637,1.6437975256851327,1.5192236478139338
0.1941941941941942,4.66066066066066,1.647460145923868,1.6647782385089862
0.19519519519519518,4.684684684684685,1.6514714514843094,1.6900031894571932
0.1961961961961962,4.708708708708708,1.6558300230483183,1.567444279428205
0.1971971971971972,4.732732732732733,1.6605342279473736,1.6759067385419264
0.1981981981981982,4.756756756756757,1.6655822211768578,1.6714030930214578
0.1991991991991992,4.7807807807807805,1.6709719465385404,1.556674916755478
0.20020020020020018,4.804804804804805,1.676701137910536,1.7124798739453644
0.2012012012012012,4.828828828828828,1.6827673206439355,1.738845773280759
0.2022022022022022,4.852852852852853,1.689167813085216,1.7974729374027436
0.2032032032032032,4.876876876876877,1.6958997282234747,1.801279933426965
0.2042042042042042,4.900900900900901,1.702959975461449,1.56519303866574
0.20520520520520522,4.924924924924925,1.7103452625091986,1.6165627585176863
0.2062062062062062,4.948948948948948,1.7180520973992621,1.769555624120128
0.2072072072072072,4.972972972972973,1.7260767906220253,1.7774553857132462
0.2082082082082082,4.996996996996997,1.73441545737995,1.7859202260105547
0.2092092092092092,5.021021021021021,1.7430640199592558,2.1283371690247277
0.21021021021021022,5.045045045045045,1.7520182102175648,1.8091072612868815
0.2112112112112112,5.0690690690690685,1.7612735721859487,1.8748301362040085
0.2122122122122122,5.093093093093093,1.7708254647837496,1.8662256411330698
0.2132132132132132,5.117117117117117,1.7806690646444738,1.8458081897750536
0.21421421421421422,5.141141141141141,1.790799369050991,1.7592724445869563
0.21521521521521522,5.165165165165165,1.8012111989782023,1.877108121027529
0.21621621621621623,5.1891891891891895,1.8118992022412748,1.7346166807875176
0.2172172172172172,5.213213213213213,1.8228578567474747,1.799175996073474
0.2182182182182182,5.237237237237237,1.8340814738495739,1.7855451190666636
0.21921921921921922,5.261261261261261,1.84556420179872,1.8537516157373521
0.22022022022022023,5.285285285285285,1.8573000292946356,2.0887658859619864
0.22122122122122123,5.3093093093093096,1.8692827891309176,1.6825562698717427
0.2222222222222222,5.333333333333333,1.8815061619331657,1.950132180970617
0.22322322322322322,5.357357357357357,1.8939636799876114,1.7326920928686462
0.22422422422422422,5.381381381381381,1.906648731157859,1.8594555445789156
0.22522522522522523,5.405405405405405,1.919554562887301,2.0284496225840374
0.22622622622622623,5.42942942942943,1.9326742862847084,1.9391022881942546
0.2272272272272272,5.453453453453453,1.9460008802904614,1.8382264024975308
0.22822822822822822,5.4774774774774775,1.9595271959208165,1.8879968249948196
0.22922922922922923,5.501501501501501,1.9732459605875743,2.041205735481042
0.23023023023023023,5.525525525525525,1.9871497824904605,1.9141131193187468
0.23123123123123124,5.54954954954955,2.0012311550794855,2.022877014037683
0.23223223223223222,5.573573573573573,2.015482461584507,2.0200396455748884
0.23323323323323322,5.597597597597598,2.0298959796091864,1.9647359448486048
0.23423423423423423,5.621621621621621,2.044463885786474,2.2588582947190066
0.23523523523523523,5.645645645645645,2.0591782604927356,2.1225701627245366
0.23623623623623624,5.66966966966967,2.0740310926175978,1.871516833951837
0.23723723723723725,5.693693693693694,2.089014284386538,2.107659715863481
0.23823823823823823,5.717717717717718,2.1041196562332294,2.0379410097563904
0.23923923923923923,5.741741741741741,2.1193389517186345,2.204582285198257
0.24024024024024024,5.7657657657657655,2.1346638424937554,2.0554117686504854
0.24124124124124124,5.78978978978979,2.15008593330301,2.13861228915632
0.24224224224224225,5.813813813813814,2.1655967670250944,2.21609549492314
0.24324324324324323,5.837837837837838,2.181187829748225,2.267763349165237
0.24424424424424424,5.861861861861861,2.196850555876612,2.076820915171034
0.24524524524524524,5.885885885885886,2.212576333264995,2.1791262096809003
0.24624624624624625,5.90990990990991,2.2283565083780696,2.180861977261974
0.24724724724724725,5.933933933933934,2.2441823914716017,2.1788494682142305
0.24824824824824826,5.957957957957959,2.260045261792029,2.4365906858201383
0.24924924924924924,5.981981981981981,2.2759363727913255,2.316434543887421
0.2502502502502503,6.0060060060060065,2.2918469573539166,2.1657585619204123
0.25125125125125125,6.03003003003003,2.3077682330323883,2.3995544277378658
0.25225225225225223,6.0540540540540535,2.3236914072887846,2.535907026990048
0.25325325325325326,6.078078078078079,2.339607682738232,2.4428542087933467
0.25425425425425424,6.102102102102101,2.3555082623916537,2.2035712657962523
0.2552552552552553,6.126126126126127,2.3713843548943507,2.3229609476077258
0.25625625625625625,6.15015015015015,2.3872271797571996,2.513918294675862
0.25725725725725723,6.174174174174174,2.403027972577254,2.332261026015376
0.25825825825825827,6.198198198198199,2.418777990244511,2.4631599330591336
0.25925925925925924,6.222222222222221,2.4344685161316524,2.511931921474586
0.2602602602602603,6.246246246246247,2.4500908652635545,2.357397818105746
0.26126126126126126,6.27027027027027,2.465636389463371,2.459683853857191
0.26226226226226224,6.294294294294294,2.4810964824720454,2.156969748465138
0.26326326326326327,6.318318318318319,2.496462585038075,2.3940238209046463
0.26426426426426425,6.3423423423423415,2.5117261899744117,2.4864693748350954
0.2652652652652653,6.366366366366367,2.5268788471793933,2.4021005289829085
0.26626626626626626,6.39039039039039,2.541912168618602,2.7051532990117657
0.26726726726726724,6.414414414414414,2.556817833264613,2.4138036954685496
0.2682682682682683,6.438438438438439,2.571587591991583,2.5275831433218845
0.26926926926926925,6.462462462462462,2.5862132724216784,2.5992873301502875
0.2702702702702703,6.486486486486487,2.600686783720392,2.7448141126270036
0.27127127127127126,6.51051051051051,2.615000121337773,2.471413906219829
0.27227227227227224,6.534534534534534,2.629145371692702,2.7454617469081977
0.2732732732732733,6.558558558558559,2.6431147167973297,2.6441380228992886
0.27427427427427425,6.582582582582582,2.6569004388188384,2.558749573714043
0.2752752752752753,6.606606606606607,2.6704949245757743,2.7167052720021014
0.27627627627627627,6.63063063063063,2.6838906699661598,2.7037966395235067
0.2772772772772773,6.654654654654655,2.697080284324732,2.6370585966088522
0.2782782782782783,6.678678678678679,2.7100564947066035,2.7170367032056055
0.27927927927927926,6.702702702702702,2.722812150094782,2.6842807904086063
0.2802802802802803,6.726726726726727,2.735340225528952,2.7466919600540765
0.28128128128128127,6.7507507507507505,2.747633826153031,2.8138468936051355
0.2822822822822823,6.774774774774775,2.759686191179041,2.918287872793576
0.2832832832832833,6.798798798798799,2.771490697764868,2.6477091478821833
0.28428428428428426,6.822822822822822,2.783040864803607,2.996344202269234
0.2852852852852853,6.846846846846847,2.7943303566221402,2.59912157666989
0.2862862862862863,6.870870870870871,2.8053529865867706,2.7901744770832124
0.2872872872872873,6.894894894894895,2.8161027206136913,2.874934441262149
0.2882882882882883,6.918918918918919,2.8265736805822037,2.854672867355707
0.28928928928928926,6.942942942942942,2.836760147648622,2.7744901956665626
0.2902902902902903,6.966966966966967,2.846656565458865,2.8258443404231373
0.2912912912912913,6.990990990990991,2.856257543257827,2.806957449791944
0.2922922922922923,7.015015015015015,2.865557858893655,2.806621383199234
0.2932932932932933,7.039039039039039,2.874552461715148,2.9595126714172504
0.29429429429429427,7.063063063063062,2.883236475360542,2.918938023957047
0.2952952952952953,7.087087087087087,2.8916052004360404,2.822314240909975
0.2962962962962963,7.111111111111111,2.899654117082483,2.9896141046258085
0.2972972972972973,7.135135135135135,2.907378887428661,2.9381088395163215
0.2982982982982983,7.1591591591591595,2.914775357929816,2.9960615698137123
0.29929929929929927,7.183183183183182,2.9218395615899637,2.984802445782325
0.3003003003003003,7.207207207207207,2.928567720066736,2.845668218974529
0.3013013013013013,7.231231231231231,2.934956245657529,2.8789381416378323
0.3023023023023023,7.255255255255255,2.9410017431658035,3.01573110367813
0.3033033033033033,7.2792792792792795,2.9467010116464607,3.007738038189807
0.30430430430430433,7.303303303303304,2.952051046029313,2.949960886632898
0.3053053053053053,7.327327327327327,2.957049038619716,2.968781776950594
0.3063063063063063,7.351351351351351,2.9616923804755295,3.089458870054372
0.3073073073073073,7.375375375375375,2.965978662659647,2.9068215237760637
0.3083083083083083,7.3993993993994,2.969905677367397,3.024615415484401
0.30930930930930933,7.423423423423424,2.973471418928235,2.9532521536848457
0.3103103103103103,7.4474474474474475,2.9766740846811697,2.9549059643584474
0.3113113113113113,7.471471471471471,2.9795120757235094,3.0893897609222285
0.3123123123123123,7.495495495495495,2.981983997532537,3.06452563243134
0.3133133133133133,7.51951951951952,2.984088660459845,3.0654396240599087
0.31431431431431434,7.543543543543544,2.9858250800981123,3.1163729608135453
0.3153153153153153,7.5675675675675675,2.9871924775202126,2.9892928616834884
0.3163163163163163,7.591591591591591,2.9881902793905932,3.0563855765200896
0.3173173173173173,7.615615615615615,2.988818117948972,2.9577914422896265
0.3183183183183183,7.63963963963964,2.9890758308664642,3.0214924661153084
0.31931931931931934,7.663663663663664,2.988963460974335,2.975949155537567
0.3203203203203203,7.687687687687688,2.9884812558656595,2.998180852364931
0.3213213213213213,7.711711711711711,2.9876296673702347,3.047145369913926
0.32232232232232233,7.7357357357357355,2.9864093509031977,2.9045872825798504
0.3233233233233233,7.75975975975976,2.98482116468785,3.194059892256396
0.32432432432432434,7.783783783783784,2.9828661688532865,2.8822644307033163
0.3253253253253253,7.807807807807808,2.9805456244075113,2.859126763128738
0.3263263263263263,7.831831831831831,2.9778609920867787,3.0936720794367853
0.32732732732732733,7.8558558558558556,2.974813931081997,3.0539802004782906
0.3283283283283283,7.87987987987988,2.9714062976430986,3.033818279348314
0.32932932932932935,7.903903903903904,2.9676401435623614,3.0304746944887895
0.3303303303303303,7.927927927927928,2.9635177145377325,2.962293037253041
0.3313313313313313,7.951951951951951,2.959041448417303,2.8693160112687197
0.33233233233233234,7.975975975975976,2.9542139733261235,2.9617944291454963
0.3333333333333333,8.0,2.949038105676658,2.8813219345254466
0.33433433433433435,8.024024024024024,2.943516848064223,3.041028821405998
0.3353353353353353,8.048048048048049,2.9376533870488384,2.9229476488986244
0.3363363363363363,8.072072072072071,2.9314510908249902,2.848901371145739
0.33733733733733734,8.096096096096096,2.9249135067808734,2.892774922615574
0.3383383383383383,8.12012012012012,2.9180443589487517,2.959337504376314
0.33933933933933935,8.144144144144144,2.9108475453481293,2.854475090067732
0.34034034034034033,8.168168168168169,2.9033271352235275,2.8211050956668844
0.34134134134134136,8.192192192192193,2.8954873661786777,2.919856087327869
0.34234234234234234,8.216216216216216,2.887332641209052,2.9118292983199243
0.3433433433433433,8.24024024024024,2.8788675256346887,2.8281732080975757
0.34434434434434436,8.264264264264265,2.87009674393534,2.822992913373508
0.34534534534534533,8.288288288288289,2.8610251764900303,2.884230170225794
0.34634634634634637,8.312312312312313,2.851657856223171,2.7068494220734385
0.34734734734734735,8.336336336336336,2.8419999651594443,2.701253587721789
0.3483483483483483,8.36036036036036,2.8320568308897025,2.760212408764459
0.34934934934934936,8.384384384384385,2.8218339229502165,2.800489207779032
0.35035035035035034,8.408408408408409,2.811336849117641,2.8424276056774413
0.35135135135135137,8.432432432432433,2.8005713516220956,2.9481069733170506
0.35235235235235235,8.456456456456456,2.7895433032808823,2.8753092656010844
0.3533533533533533,8.48048048048048,2.7782587035553092,2.7622648505589664
0.35435435435435436,8.504504504504505,2.766723674533231,2.764822053742962
0.35535535535535534,8.528528528528529,2.754944456839894,2.654691520376113
0.3563563563563564,8.552552552552553,2.7429274054797697,2.741076091880531
0.35735735735735735,8.576576576576576,2.730678985612051,2.701813121720037
0.35835835835835833,8.6006006006006,2.71820576826258,2.750477624296389
0.35935935935935936,8.624624624624625,2.70551442597497,2.6227913316197378
0.36036036036036034,8.64864864864865,2.692611728403751,2.744546379827868
0.3613613613613614,8.672672672672673,2.6795045378523854,2.832778429152643
0.36236236236236236,8.696696696696696,2.6661998047590485,2.655323789913363
0.36336336336336333,8.72072072072072,2.652704563133082,2.692875735342976
0.36436436436436437,8.744744744744745,2.639025925945077,2.708040325116188
0.36536536536536535,8.76876876876877,2.6251710804735726,2.585049033284989
0.3663663663663664,8.792792792792794,2.6111472836113423,2.633556531792384
0.36736736736736736,8.816816816816816,2.596961857134328,2.5982210972125075
0.3683683683683684,8.84084084084084,2.582622182936249,2.592389792791132
0.36936936936936937,8.864864864864865,2.568135698231968,2.4908347198464216
0.37037037037037035,8.88888888888889,2.553509890732688,2.5559609081585823
0.3713713713713714,8.912912912912914,2.5387522937960947,2.58855212292064
0.37237237237237236,8.936936936936936,2.5238704815545625,2.6689848423340665
0.3733733733733734,8.96096096096096,2.5088720640245326,2.604799146633053
0.3743743743743744,8.984984984984985,2.493764682200246,2.709082927951402
0.37537537537537535,9.00900900900901,2.4785560031349334,2.4018212468461284
0.3763763763763764,9.033033033033034,2.463253715012641,2.550485778684709
0.37737737737737737,9.057057057057056,2.447865522213865,2.4661997227877004
0.3783783783783784,9.08108108108108,2.4323991403781173,2.6513794336998844
0.3793793793793794,9.105105105105105,2.416862291466619,2.3360324629311036
0.38038038038038036,9.12912912912913,2.401262698828271,2.3172905146101934
0.3813813813813814,9.153153153153154,2.385608082272049,2.3256688177276468
0.38238238238238237,9.177177177177176,2.3699061531489867,2.157516580718006
0.3833833833833834,9.2012012012012,2.3541646094468796,2.3015891072788035
0.3843843843843844,9.225225225225225,2.3383911309008587,2.262477864745489
0.38538538538538536,9.24924924924925,2.3225933741229214,2.337632752770542
0.3863863863863864,9.273273273273274,2.3067789677535764,2.3409545653312924
0.38738738738738737,9.297297297297296,2.290955507638654,2.478572591560243
0.3883883883883884,9.32132132132132,2.2751305520343603,2.3701729358529655
0.3893893893893894,9.345345345345345,2.2593116168436698,2.2016212512774294
0.39039039039039036,9.36936936936937,2.243506170887027,2.153664703752191
0.3913913913913914,9.393393393393394,2.2277216312104144,2.276913548361065
0.3923923923923924,9.417417417417417,2.211965358433766,2.0799420377317017
0.3933933933933934,9.441441441441441,2.19624465214265,2.3793905287280857
0.3943943943943944,9.465465465465465,2.1805667463261926,2.2985107583983213
0.39539539539539537,9.48948948948949,2.1649388048641063,2.1180212396536358
0.3963963963963964,9.513513513513514,2.1493679170657067,1.978054464156619
0.3973973973973974,9.537537537537537,2.1338610932637376,2.269248330680279
0.3983983983983984,9.561561561561561,2.118425260465799,2.1069712759405372
0.3993993993993994,9.585585585585585,2.103067258066137,2.2268488892634832
0.40040040040040037,9.60960960960961,2.087793833620496,1.9283510677410596
0.4014014014014014,9.633633633633634,2.072611638686734,2.0126741363913565
0.4024024024024024,9.657657657657657,2.057527224733801,2.0580515947056193
0.4034034034034034,9.681681681681681,2.0425470391216756,2.04724509849815
0.4044044044044044,9.705705705705705,2.0276774211548165,1.9826708740068921
0.40540540540540543,9.72972972972973,2.0129245982115807,2.0752095914463307
0.4064064064064064,9.753753753753754,1.9982946819520817,1.8915326390138223
0.4074074074074074,9.777777777777777,1.9837936646068648,1.9695557161047355
0.4084084084084084,9.801801801801801,1.9694274153487263,1.9814569785199163
0.4094094094094094,9.825825825825826,1.9552016767499714,2.0066455601558464
0.41041041041041043,9.84984984984985,1.9411220613273252,2.0122835491362143
0.4114114114114114,9.873873873873874,1.927194048176678,1.8147298389928912
0.4124124124124124,9.897897897897897,1.9134229796997502,1.7600115626261879
0.4134134134134134,9.921921921921921,1.899814058424759,2.0275817406146097
0.4144144144144144,9.945945945945946,1.886372343923051,1.9196037451210102
0.41541541541541543,9.96996996996997,1.8731027498236277,1.7982540961679723
0.4164164164164164,9.993993993993994,1.86001004092744,2.0151252384796923
0.4174174174174174,10.018018018018017,1.8470988304232385,1.8586662938525245
0.4184184184184184,10.042042042042041,1.8343735772067113,1.952303295613094
0.4194194194194194,10.066066066066066,1.8218385833045767,1.8285904314455876
0.42042042042042044,10.09009009009009,1.8094979914052236,2.0155727838934223
0.4214214214214214,10.114114114114114,1.7973557824974309,1.9728898667417514
0.4224224224224224,10.138138138138137,1.7854157736186165,1.760519358770709
0.42342342342342343,10.162162162162161,1.773681615714007,1.8708387108094424
0.4244244244244244,10.186186186186186,1.762156791608043,1.8266943865665577
0.42542542542542544,10.21021021021021,1.7508446140892466,1.8877077698424816
0.4264264264264264,10.234234234234235,1.739748224109749,1.6432558780517386
0.4274274274274274,10.258258258258257,1.7288705891005351,1.7974757351003792
0.42842842842842843,10.282282282282281,1.7182145014034504,1.8240569500884092
0.4294294294294294,10.306306306306306,1.7077825768209087,1.5319086281785972
0.43043043043043044,10.33033033033033,1.6975772532841522,1.5792514020175747
0.4314314314314314,10.354354354354355,1.6876007896408751,1.483677571864865
0.43243243243243246,10.378378378378379,1.6778552645629103,1.6509145811184545
0.43343343343343343,10.402402402402402,1.6683425755746226,1.7400968011542188
0.4344344344344344,10.426426426426426,1.6590644382025541,1.809300143412157
0.43543543543543545,10.45045045045045,1.6500223852468219,1.6574318632887994
0.4364364364364364,10.474474474474475,1.6412177661746483,1.8040793207317776
0.43743743743743746,10.498498498498499,1.632651746636353,1.494641600814864
0.43843843843843844,10.522522522522522,1.624325308104059,1.4539870641685435
0.4394394394394394,10.546546546546546,1.6162392476332599,1.610684477743598
0.44044044044044045,10.57057057057057,1.6083941777473432,1.646800722641274
0.44144144144144143,10.594594594594595,1.60079052644508,1.5975210516356706
0.44244244244244246,10.618618618618619,1.5934285373309884,1.3866843273270009
0.44344344344344344,10.642642642642642,1.5863082698684399,1.577396265917161
0.4444444444444444,10.666666666666666,1.5794295997552585,1.4489826497047733
0.44544544544544545,10.69069069069069,1.5727922194215116,1.6397594743045154
0.44644644644644643,10.714714714714715,1.5663956386491007,1.6030554632587855
0.44744744744744747,10.73873873873874,1.5602391853126787,1.4662512066799431
0.44844844844844844,10.762762762762762,1.554322006241356,1.5029353145076867
0.4494494494494494,10.786786786786786,1.5486430682005592,1.442721716011664
0.45045045045045046,10.81081081081081,1.5432011589933554,1.5369332492660381
0.45145145145145144,10.834834834834835,1.53799488868045,1.6335091207305739
0.45245245245245247,10.85885885885886,1.5330226909180107,1.4344500862844562
0.45345345345345345,10.882882882882882,1.5282828244123852,1.5786874759641696
0.4544544544544544,10.906906906906906,1.5237733744907045,1.4707476126534604
0.45545545545545546,10.93093093093093,1.519492254786296,1.4402049715600616
0.45645645645645644,10.954954954954955,1.5154372090377461,1.5047341730422903
0.4574574574574575,10.97897897897898,1.5116058130003882,1.4080815807584508
0.45845845845845845,11.003003003003002,1.5079954764689172,1.452630545934199
0.45945945945945943,11.027027027027026,1.5046034454097557,1.3848156561508709
0.46046046046046046,11.05105105105105,1.5014268042017314,1.6978993174933703
0.46146146146146144,11.075075075075075,1.498462477983559,1.5019888331807318
0.4624624624624625,11.0990990990991,1.4957072351065348,1.4257346843072762
0.46346346346346345,11.123123123123122,1.4931576896908103,1.5145556807642324
0.46446446446446443,11.147147147147146,1.49081030428352,1.4795774993144368
0.46546546546546547,11.17117117117117,1.4886613926169854,1.466564432663663
0.46646646646646645,11.195195195195195,1.486707122465158,1.5481237924695006
0.4674674674674675,11.21921921921922,1.484943518596382,1.5606942896011124
0.46846846846846846,11.243243243243242,1.4833664658205197,1.430316351059467
0.4694694694694695,11.267267267267268,1.4819717121283984,1.4243898880639303
0.47047047047047047,11.29129129129129,1.480754871921501,1.4532497022063364
0.47147147147147145,11.315315315315315,1.4797114293297424,1.249519312856184
0.4724724724724725,11.33933933933934,1.478836741615136,1.3273176353952807
0.47347347347347346,11.363363363363362,1.4781260426590879,1.6148134694035403
0.4744744744744745,11.387387387387388,1.4775744465310037,1.642071217881132
0.4754754754754755,11.411411411411411,1.4771769511358508,1.452273347180213
0.47647647647647645,11.435435435435435,1.4769284419382505,1.534584138243827
0.4774774774774775,11.45945945945946,1.4768236957606453,1.507948711214999
0.47847847847847846,11.483483483483482,1.47685738465302,1.7847454654985437
0.4794794794794795,11.507507507507508,1.4770240798316243,1.588981570975082
0.4804804804804805,11.531531531531531,1.4773182556840954,1.4645264965360187
0.48148148148148145,11.555555555555555,1.4777342938383262,1.3821802497782836
0.4824824824824825,11.57957957957958,1.478266487292406,1.3176218552666488
0.48348348348348347,11.603603603603602,1.478909044602898,1.4992554081896203
0.4844844844844845,11.627627627627628,1.4796560941286963,1.4040210196002658
0.4854854854854855,11.651651651651651,1.4805016883276594,1.338276317367892
0.48648648648648646,11.675675675675675,1.4814398081031983,1.4167825196789456
0.4874874874874875,11.6996996996997,1.4824643671979365,1.374309566836497
0.48848848848848847,11.723723723723722,1.483569216631566,1.6522833801388224
0.4894894894894895,11.747747747747749,1.4847481491799683,1.5729121248749134
0.4904904904904905,11.771771771771771,1.4859949038926448,1.485197639760983
0.49149149149149146,11.795795795795796,1.487303170645495,1.6352975845344977
0.4924924924924925,11.81981981981982,1.4886665947259385,1.4964034254907004
0.4934934934934935,11.843843843843842,1.4900787814473597,1.4039503613145334
0.4944944944944945,11.867867867867869,1.4915333007898488,1.6438457085168146
0.4954954954954955,11.891891891891891,1.49302369206418,1.546914696432646
0.4964964964964965,11.915915915915917,1.494543468595955,1.3908188531633094
0.4974974974974975,11.93993993993994,1.4960861224268391,1.4770522546184783
0.4984984984984985,11.963963963963963,1.4976451290297952,1.4100833036913194
0.4994994994994995,11.987987987987989,1.4992139520352064,1.3609339789387727
0.5005005005005005,12.012012012012013,1.5007860479647936,1.5934038027179578
0.5015015015015015,12.036036036036037,1.5023548709702048,1.6932965350172178
0.5025025025025025,12.06006006006006,1.5039138775731606,1.3640571201912466
0.5035035035035035,12.084084084084083,1.5054565314040447,1.5617534550731018
0.5045045045045045,12.108108108108107,1.5069763079358198,1.4419120510236372
0.5055055055055055,12.132132132132133,1.5084666992101514,1.4597541608336817
0.5065065065065065,12.156156156156158,1.5099212185526403,1.4506818261287533
0.5075075075075075,12.18018018018018,1.5113334052740615,1.4249343283060798
0.5085085085085085,12.204204204204203,1.5126968293545047,1.5175489921489873
0.5095095095095095,12.228228228228227,1.5140050961073552,1.4309100844662515
0.5105105105105106,12.252252252252253,1.5152518508200317,1.5422975333980156
0.5115115115115115,12.276276276276278,1.516430783368434,1.5114069724235204
0.5125125125125125,12.3003003003003,1.5175356328020637,1.4936408281154228
0.5135135135135135,12.324324324324323,1.518560191896802,1.4278038256926422
0.5145145145145145,12.348348348348347,1.5194983116723402,1.4618211786155069
0.5155155155155156,12.372372372372373,1.5203439058713037,1.5958830284538794
0.5165165165165165,12.396396396396398,1.521090955397102,1.57118267415954
0.5175175175175175,12.42042042042042,1.5217335127075942,1.423977988227739
0.5185185185185185,12.444444444444443,1.5222657061616738,1.5321989367045963
0.5195195195195195,12.468468468468467,1.5226817443159044,1.5978204566530834
0.5205205205205206,12.492492492492493,1.522975920168376,1.3560353920562387
0.5215215215215215,12.516516516516518,1.5231426153469805,1.577478634584974
0.5225225225225225,12.54054054054054,1.523176304239355,1.4569139283447703
0.5235235235235235,12.564564564564563,1.5230715580617495,1.5801314249210654
0.5245245245245245,12.588588588588587,1.5228230488641494,1.4464971332098977
0.5255255255255256,12.612612612612613,1.5224255534689963,1.3419373434025443
0.5265265265265265,12.636636636636638,1.5218739573409126,1.3591197135525963
0.5275275275275275,12.66066066066066,1.5211632583848638,1.525971753051002
0.5285285285285285,12.684684684684683,1.5202885706702576,1.5462608208424058
0.5295295295295295,12.708708708708707,1.5192451280784993,1.4288134655680584
0.5305305305305306,12.732732732732734,1.5180282878716016,1.581887533749339
0.5315315315315315,12.756756756756758,1.5166335341794805,1.3504815279525846
0.5325325325325325,12.78078078078078,1.5150564814036178,1.5084485015388862
0.5335335335335335,12.804804804804803,1.5132928775348422,1.3921912575585966
0.5345345345345345,12.828828828828827,1.5113386073830148,1.446154996602799
0.5355355355355356,12.852852852852854,1.5091896957164805,1.513929562848122
0.5365365365365365,12.876876876876878,1.5068423103091897,1.4208009737807945
0.5375375375375375,12.9009009009009,1.5042927648934652,1.4658372104704827
0.5385385385385385,12.924924924924923,1.5015375220164413,1.6021668029378853
0.5395395395395395,12.948948948948948,1.4985731957982689,1.440884008845954
0.5405405405405406,12.972972972972974,1.4953965545902446,1.5789657657967588
0.5415415415415415,12.996996996996998,1.4920045235310826,1.3790338380653209
0.5425425425425425,13.02102102102102,1.4883941869996118,1.54137460479114
0.5435435435435435,13.045045045045043,1.4845627909622543,1.6287196530280443
0.5445445445445445,13.069069069069068,1.4805077452137045,1.2333432952009755
0.5455455455455456,13.093093093093094,1.4762266255092955,1.3965370999622477
0.5465465465465466,13.117117117117118,1.471717175587615,1.529424388305669
0.5475475475475475,13.14114114114114,1.4669773090819895,1.4466727704776903
0.5485485485485485,13.165165165165163,1.4620051113195505,1.4991196986566813
0.5495495495495496,13.18918918918919,1.4567988410066448,1.3964003223350627
0.5505505505505506,13.213213213213214,1.4513569317994408,1.4600159105467307
0.5515515515515516,13.237237237237238,1.4456779937586441,1.4301102702194362
0.5525525525525525,13.26126126126126,1.4397608146873215,1.5565390208533023
0.5535535535535535,13.285285285285283,1.4336043613509,1.4590464456810213
0.5545545545545546,13.30930930930931,1.4272077805784884,1.4609680467860087
0.5555555555555556,13.333333333333334,1.4205704002447417,1.379382703632495
0.5565565565565566,13.357357357357358,1.4136917301315604,1.364931107724311
0.5575575575575575,13.381381381381381,1.4065714626690118,1.3633156438870497
0.5585585585585585,13.405405405405403,1.3992094735549205,1.4386546877927502
0.5595595595595596,13.42942942942943,1.3916058222526564,1.34950737417063
0.5605605605605606,13.453453453453454,1.3837607523667403,1.4127382380563815
0.5615615615615616,13.477477477477478,1.3756746918959413,1.5832147717604852
0.5625625625625625,13.501501501501501,1.3673482533636474,1.4544607237068166
0.5635635635635635,13.525525525525524,1.3587822338253526,1.3261798806085685
0.5645645645645646,13.54954954954955,1.349977614753178,1.4700990069695723
0.5655655655655656,13.573573573573574,1.340935561797446,1.300128024495291
0.5665665665665666,13.597597597597598,1.3316574244253778,1.1278449709075924
0.5675675675675675,13.621621621621621,1.32214473543709,1.2213361043453497
0.5685685685685685,13.645645645645644,1.3123992103591258,1.1253200182565402
0.5695695695695696,13.66966966966967,1.3024227467158476,1.2672713983117168
0.5705705705705706,13.693693693693694,1.2922174231790917,1.2940592610980468
0.5715715715715716,13.717717717717719,1.2817854985965502,1.4494292298240785
0.5725725725725725,13.741741741741741,1.271129410899466,1.3038221482758823
0.5735735735735735,13.765765765765764,1.2602517758902514,1.238341723009365
0.5745745745745746,13.78978978978979,1.2491553859107531,1.332095944029102
0.5755755755755756,13.813813813813814,1.2378432083919575,1.016729677491169
0.5765765765765766,13.837837837837839,1.2263183842859935,1.24987984009685
0.5775775775775776,13.861861861861861,1.2145842263813846,1.2916707457700813
0.5785785785785785,13.885885885885884,1.2026442175025704,1.0547855929245862
0.5795795795795796,13.90990990990991,1.1905020085947768,1.3048774129154697
0.5805805805805806,13.933933933933934,1.178161416695424,1.2120110574448653
0.5815815815815816,13.957957957957959,1.165626422793289,1.124097631403209
0.5825825825825826,13.981981981981981,1.152901169576762,1.2161793561873904
0.5835835835835835,14.006006006006004,1.1399899590725613,1.3670592448530008
0.5845845845845846,14.03003003003003,1.126897250176372,1.1450838756822217
0.5855855855855856,14.054054054054054,1.1136276560769494,1.138449714706983
0.5865865865865866,14.078078078078079,1.1001859415752415,1.054249851621217
0.5875875875875876,14.102102102102101,1.0865770203002514,1.0015925833537722
0.5885885885885885,14.126126126126124,1.0728059518233235,1.155839533477748
0.5895895895895896,14.15015015015015,1.0588779386726745,0.9732695560817878
0.5905905905905906,14.174174174174174,1.044798323250029,1.0519549469719682
0.5915915915915916,14.198198198198199,1.030572584651274,0.9828068399747625
0.5925925925925926,14.222222222222221,1.0162063353931368,1.064104317967776
0.5935935935935935,14.246246246246244,1.0017053180479198,1.0350715285766148
0.5945945945945946,14.27027027027027,0.9870754017884202,1.0908293962142102
0.5955955955955956,14.294294294294295,0.9723225788451838,0.9213209389597091
0.5965965965965966,14.318318318318319,0.9574529608783249,0.9304654673489877
0.5975975975975976,14.342342342342342,0.9424727752662005,0.8445964036879698
0.5985985985985985,14.366366366366364,0.9273883613132679,0.8829590353056567
0.5995995995995996,14.39039039039039,0.9122061663795042,0.9499362156839894
0.6006006006006006,14.414414414414415,0.8969327419338635,0.9726316035983987
0.6016016016016016,14.438438438438439,0.8815747395342016,0.7893582071164391
0.6026026026026026,14.462462462462462,0.8661389067362639,0.95309949874683
0.6036036036036035,14.486486486486484,0.8506320829342953,0.9861958688147904
0.6046046046046046,14.51051051051051,0.8350611951358946,0.8764046854582647
0.6056056056056056,14.534534534534535,0.819433253673808,1.0071128349296146
0.6066066066066066,14.558558558558559,0.8037553478573503,0.726376427946993
0.6076076076076076,14.582582582582582,0.7880346415662358,0.6635691712350941
0.6086086086086087,14.606606606606608,0.7722783687895851,0.5944063438991573
0.6096096096096096,14.63063063063063,0.7564938291129737,0.906098260261892
0.6106106106106106,14.654654654654655,0.7406883831563307,0.8061249487917365
0.6116116116116116,14.67867867867868,0.7248694479656401,0.7193109808745947
0.6126126126126126,14.702702702702702,0.7090444923613479,0.7370413549933299
0.6136136136136137,14.726726726726728,0.6932210322464231,0.5806721275165854
0.6146146146146146,14.75075075075075,0.677406625877079,0.9219818238387616
0.6156156156156156,14.774774774774775,0.661608869099142,0.6745309872966647
0.6166166166166166,14.7987987987988,0.6458353905531209,0.6567748700136102
0.6176176176176176,14.822822822822822,0.6300938468510152,0.7026705092408844
0.6186186186186187,14.846846846846848,0.6143919177279502,0.6624928409016215
0.6196196196196196,14.87087087087087,0.5987373011717294,0.6211257035996426
0.6206206206206206,14.894894894894895,0.5831377085333814,0.5040902629888502
0.6216216216216216,14.91891891891892,0.5676008596218836,0.6147476953354831
0.6226226226226226,14.942942942942942,0.5521344777861354,0.7403369274336389
0.6236236236236237,14.966966966966968,0.5367462849873585,0.6712882896028564
0.6246246246246246,14.99099099099099,0.521443996865067,0.6807626595290067
0.6256256256256256,15.015015015015015,0.5062353177997543,0.45511375015663574
0.6266266266266266,15.03903903903904,0.4911279359754679,0.3921674539496098
0.6276276276276276,15.063063063063062,0.47612951844543905,0.46355082643547424
0.6286286286286287,15.087087087087088,0.4612477062039049,0.4668201974327743
0.6296296296296297,15.11111111111111,0.4464901092673126,0.5559092611144074
0.6306306306306306,15.135135135135135,0.43186430176803237,0.26261783879655043
0.6316316316316316,15.15915915915916,0.41737781706375143,0.5703328490098128
0.6326326326326326,15.183183183183182,0.40303814286567374,0.3872373530077748
0.6336336336336337,15.207207207207208,0.3888527163886568,0.3461646093939148
0.6346346346346347,15.23123123123123,0.37482891952642783,0.27361848200041106
0.6356356356356356,15.255255255255255,0.36097407405492365,0.1954884068683467
0.6366366366366366,15.27927927927928,0.34729543686691966,0.4296124952631111
0.6376376376376376,15.303303303303302,0.3338001952409533,0.34113199195979366
0.6386386386386387,15.327327327327328,0.3204954621476128,0.19149937217350743
0.6396396396396397,15.35135135135135,0.30738827159624926,0.17788039438988765
0.6406406406406406,15.375375375375375,0.2944855740250316,0.2609071040960188
0.6416416416416416,15.3993993993994,0.2817942317374207,0.44869638426636
0.6426426426426426,15.423423423423422,0.26932101438795053,0.24336187925159006
0.6436436436436437,15.447447447447448,0.2570725945202308,0.10675829920842017
0.6446446446446447,15.471471471471471,0.24505554316010514,0.2204812367515107
0.6456456456456456,15.495495495495495,0.23327632546677002,0.20600396849200298
0.6466466466466466,15.51951951951952,0.2217412964446921,-0.04794736784946507
0.6476476476476476,15.543543543543542,0.21045669671911793,0.2050272100673367
0.6486486486486487,15.567567567567568,0.19942864837790375,0.17633519535703596
0.6496496496496497,15.591591591591591,0.1886631508823604,0.2582837873637023
0.6506506506506506,15.615615615615615,0.17816607704978282,0.36306168654431736
0.6516516516516516,15.63963963963964,0.16794316911029883,0.2805996720650746
0.6526526526526526,15.663663663663662,0.15800003484055747,0.13111116578507442
0.6536536536536537,15.687687687687689,0.14834214377682775,0.03768955290266071
0.6546546546546547,15.711711711711711,0.13897482350997015,0.3963108038349562
0.6556556556556556,15.735735735735735,0.1299032560646607,0.13582509946610952
0.6566566566566566,15.75975975975976,0.12113247436531127,0.12252540355660589
0.6576576576576576,15.783783783783782,0.1126673587909488,0.11025485007994848
0.6586586586586587,15.807807807807809,0.1045126338213227,0.1243211098981082
0.6596596596596597,15.831831831831831,0.09667286477647208,0.08223682358407783
0.6606606606606606,15.855855855855856,0.08915245465187094,0.03178625396384731
0.6616616616616616,15.87987987987988,0.08195564105124986,0.027269746927210646
0.6626626626626626,15.903903903903903,0.07508649321912686,0.07181116619752702
0.6636636636636637,15.927927927927929,0.06854890917501044,0.014206432061633939
0.6646646646646647,15.951951951951951,0.06234661295116273,-0.008937965316553706
0.6656656656656657,15.975975975975976,0.05648315193577691,0.0671261747049666
0.6666666666666666,16.0,0.05096189432334253,0.025464172581256998
0.6676676676676676,16.024024024024023,0.0457860266738781,0.19618532553214696
0.6686686686686687,16.04804804804805,0.04095855158269712,-0.2241384292566041
0.6696696696696697,16.07207207207207,0.03648228546226773,0.14563297065451392
0.6706706706706707,16.096096096096097,0.03235985643763928,0.15696837568740218
0.6716716716716716,16.12012012012012,0.028593702356900952,-0.178745320883914
0.6726726726726726,16.144144144144143,0.02518606891800368,-0.0090826904900312
0.6736736736736737,16.16816816816817,0.022139007913221764,-0.015005078686357386
0.6746746746746747,16.19219219219219,0.019454375592488526,-0.1212967938792936
0.6756756756756757,16.216216216216218,0.01713383114671352,-0.06064783761237402
0.6766766766766766,16.24024024024024,0.015178835312150696,-0.09587874923443218
0.6776776776776777,16.264264264264266,0.013590649096801855,0.18881769343916413
0.6786786786786787,16.28828828828829,0.01237033262976528,0.1059381719445114
0.6796796796796797,16.31231231231231,0.01151874413434073,0.1386742536337566
0.6806806806806807,16.336336336336338,0.011036539025664371,0.08320374542998789
0.6816816816816816,16.36036036036036,0.010924169133536221,-0.10198100798818671
0.6826826826826827,16.384384384384386,0.011181882051028325,-0.041270144576949046
0.6836836836836837,16.40840840840841,0.011809720609406549,0.06074717673219836
0.6846846846846847,16.43243243243243,0.012807522479787226,-0.10940525840940732
0.6856856856856857,16.456456456456458,0.014174919901888128,0.08547476291912694
0.6866866866866866,16.48048048048048,0.01591133954015511,-0.008121200275658394
0.6876876876876877,16.504504504504506,0.018016002467462933,-0.019466078287496823
0.6886886886886887,16.52852852852853,0.0204879242764906,0.09158392109683976
0.6896896896896897,16.55255255255255,0.023325915318829882,0.06775224646743386
0.6906906906906907,16.576576576576578,0.026528581071765478,-0.009568035510142514
0.6916916916916916,16.6006006006006,0.0300943226326027,0.1460273029690275
0.6926926926926927,16.624624624624627,0.034021337340353286,-0.07408499541963645
0.6936936936936937,16.64864864864865,0.03830761952447004,0.09990118021889641
0.6946946946946947,16.67267267267267,0.042950961380284314,0.10226108717712269
0.6956956956956957,16.696696696696698,0.04794895397068699,0.01699431003928796
0.6966966966966966,16.72072072072072,0.05329898835353908,0.08591229057775088
0.6976976976976977,16.744744744744747,0.05899825683419646,-0.06611310080433383
0.6986986986986987,16.76876876876877,0.06504375434247045,0.15744645626316056
0.6996996996996997,16.792792792792792,0.07143227993326406,0.05294206628896516
0.7007007007007007,16.816816816816818,0.07816043841003562,0.025888136358131662
0.7017017017017017,16.84084084084084,0.08522464207018277,0.1901255646538717
0.7027027027027027,16.864864864864867,0.09262111257133876,0.022186743517062832
0.7037037037037037,16.88888888888889,0.10034588291751678,-0.0405002467188392
0.7047047047047047,16.912912912912912,0.10839479956395937,-0.04726811778843101
0.7057057057057057,16.936936936936938,0.11676352463945694,0.1773645197740209
0.7067067067067067,16.96096096096096,0.12544753828485145,-0.0025953969647768693
0.7077077077077077,16.984984984984987,0.134442141106345,0.3099215593047815
0.7087087087087087,17.00900900900901,0.14374245674217323,-0.06445048404619899
0.7097097097097097,17.033033033033032,0.15334343454113397,0.32298907137013777
0.7107107107107107,17.057057057057058,0.16323985235137695,0.18434159907163877
0.7117117117117117,17.08108108108108,0.17342631941779452,0.16375500823075528
0.7127127127127127,17.105105105105107,0.18389727938630895,0.12940537070541397
0.7137137137137137,17.12912912912913,0.19464701341322965,0.23456062484843673
0.7147147147147147,17.153153153153152,0.20566964337785865,0.20190617313537382
0.7157157157157157,17.177177177177178,0.21695913519639243,0.32728932339804456
0.7167167167167167,17.2012012012012,0.22850930223513033,0.2399320671013343
0.7177177177177178,17.225225225225227,0.24031380882095976,0.2553439849671475
0.7187187187187187,17.24924924924925,0.2523661738469678,0.21600495262558222
0.7197197197197197,17.273273273273272,0.26465977447104794,0.2589652120989412
0.7207207207207207,17.2972972972973,0.2771878499052167,0.30796802679442264
0.7217217217217217,17.32132132132132,0.28994350529339585,0.11892666602773327
0.7227227227227228,17.345345345345347,0.30291971567526854,0.16810117346469725
0.7237237237237237,17.36936936936937,0.31610933003383934,0.3904357394361109
0.7247247247247247,17.393393393393392,0.32950507542422613,0.3465916192370203
0.7257257257257257,17.41741741741742,0.34309956118116003,0.3247012275458921
0.7267267267267267,17.44144144144144,0.356885283202669,0.3587286765092083
0.7277277277277278,17.465465465465467,0.3708546283072969,0.40561279884346396
0.7287287287287287,17.48948948948949,0.38499987866222707,0.3310239106312909
0.7297297297297297,17.513513513513512,0.3993132162796069,0.32148274373937563
0.7307307307307307,17.53753753753754,0.41378672757832047,0.4333712530880886
0.7317317317317317,17.56156156156156,0.42841240800841596,0.33057513024691276
0.7327327327327328,17.585585585585587,0.4431821667353859,0.4840074423068331
0.7337337337337337,17.60960960960961,0.4580878313813981,0.287829470957614
0.7347347347347347,17.633633633633632,0.4731211528206063,0.5760367165531707
0.7357357357357357,17.65765765765766,0.48827381002558656,0.5355335582668909
0.7367367367367368,17.68168168168168,0.5035374149619246,0.5291403883933121
0.7377377377377378,17.705705705705707,0.5189035175279543,0.6171726159225057
0.7387387387387387,17.72972972972973,0.5343636105366281,0.7009110549828858
0.7397397397397397,17.753753753753752,0.5499091347364458,0.6513461412382588
0.7407407407407407,17.77777777777778,0.5655314838683464,0.3814440607351819
0.7417417417417418,17.8018018018018,0.5812220097554893,0.45326431308191917
0.7427427427427428,17.825825825825827,0.5969720274227462,0.5344901696531783
0.7437437437437437,17.84984984984985,0.6127728202427994,0.6153819252638828
0.7447447447447447,17.873873873873872,0.6286156451056483,0.6803815471525606
0.7457457457457457,17.8978978978979,0.6444917376083457,0.5719173562929991
0.7467467467467468,17.92192192192192,0.6603923172617681,0.6790689937094759
0.7477477477477478,17.945945945945947,0.6763085927112141,0.6007702994758819
0.7487487487487487,17.96996996996997,0.6922317669676119,0.6310799866684171
0.7497497497497497,17.993993993993993,0.7081530426460831,0.5674869329612608
0.7507507507507507,18.01801801801802,0.7240636272086723,0.6317403025975818
0.7517517517517518,18.04204204204204,0.7399547382079723,0.604786277646339
0.7527527527527528,18.066066066066067,0.7558176085283981,0.6582302832306648
0.7537537537537538,18.09009009009009,0.7716434916219296,0.8770076712827135
0.7547547547547547,18.114114114114113,0.7874236667350047,0.6924837778518105
0.7557557557557557,18.13813813813814,0.8031494441233868,1.066387650607126
0.7567567567567568,18.16216216216216,0.8188121702517746,0.8681439603398635
0.7577577577577578,18.186186186186188,0.834403232974906,0.8528868453443934
0.7587587587587588,18.21021021021021,0.8499140666969897,0.7640782886788683
0.7597597597597597,18.234234234234233,0.8653361575062433,0.9353671454471424
0.7607607607607607,18.25825825825826,0.8806610482813648,0.8230972656575875
0.7617617617617618,18.28228228228228,0.8958803437667702,0.9080813252313064
0.7627627627627628,18.306306306306308,0.910985715613462,1.1669941694403414
0.7637637637637638,18.33033033033033,0.9259689073824019,0.9163629174099369
0.7647647647647647,18.354354354354353,0.9408217395072633,1.055749072135831
0.7657657657657657,18.37837837837838,0.9555361142135244,0.8852184717009356
0.7667667667667668,18.4024024024024,0.9701040203908141,0.9666051713411179
0.7677677677677678,18.426426426426428,0.9845175384154927,1.1615976019790437
0.7687687687687688,18.45045045045045,0.9987688449205135,0.9360721391417368
0.7697697697697697,18.474474474474473,1.012850217509539,1.194095073309232
0.7707707707707707,18.4984984984985,1.0267540394124244,1.097529232957972
0.7717717717717718,18.52252252252252,1.0404728040791833,0.9842261264897565
0.7727727727727728,18.546546546546548,1.0539991197095389,1.117239893615091
0.7737737737737738,18.57057057057057,1.0673257137152912,1.1645811586779642
0.7747747747747747,18.594594594594593,1.0804454371126977,1.1426264333344174
0.7757757757757757,18.61861861861862,1.0933512688421398,0.9363287968530942
0.7767767767767768,18.64264264264264,1.1060363200123886,1.0333226024299018
0.7777777777777778,18.666666666666668,1.1184938380668332,1.0937419745116828
0.7787787787787788,18.69069069069069,1.1307172108690822,1.1232738679590775
0.7797797797797797,18.714714714714713,1.1426999707053636,1.2047671804604314
0.7807807807807807,18.73873873873874,1.1544357982012787,1.1722058982946042
0.7817817817817818,18.762762762762762,1.1659185261504266,1.0323840902794164
0.7827827827827828,18.786786786786788,1.1771421432525249,1.2151619283531212
0.7837837837837838,18.81081081081081,1.1881007977587246,1.2491593722871068
0.7847847847847848,18.834834834834833,1.1987888010217975,1.2547678458149014
0.7857857857857857,18.85885885885886,1.209200630949008,1.3172787035044702
0.7867867867867868,18.882882882882882,1.2193309353555255,1.302723150810416
0.7877877877877878,18.906906906906908,1.2291745352162504,1.275092543139094
0.7887887887887888,18.93093093093093,1.2387264278140506,1.2317098566681859
0.7897897897897898,18.954954954954953,1.247981789782434,1.0818856964308348
0.7907907907907907,18.97897897897898,1.2569359800407436,1.2998978019540022
0.7917917917917918,19.003003003003002,1.26558454262005,1.2863533113363612
0.7927927927927928,19.027027027027028,1.2739232093779742,1.3010810930975116
0.7937937937937938,19.05105105105105,1.2819479026007377,1.1542730450187066
0.7947947947947948,19.075075075075073,1.289654737490801,1.1815490834499747
0.7957957957957957,19.0990990990991,1.2970400245385507,1.402355309871841
0.7967967967967968,19.123123123123122,1.3041002717765258,1.3001447563908604
0.7977977977977978,19.147147147147148,1.310832186914784,1.3789822566520464
0.7987987987987988,19.17117117117117,1.3172326793560636,1.3200645169691096
0.7997997997997998,19.195195195195193,1.3232988620894635,1.326274476039038
0.8008008008008007,19.21921921921922,1.3290280534614591,1.4228564340590588
0.8018018018018018,19.243243243243242,1.334417778823142,1.2828133060014046
0.8028028028028028,19.26726726726727,1.3394657720526264,1.3490778497467248
0.8038038038038038,19.29129129129129,1.3441699769516815,1.2979424480811772
0.8048048048048048,19.315315315315313,1.3485285485156897,1.3050789257724582
0.8058058058058059,19.33933933933934,1.3525398540761322,1.3216226417292682
0.8068068068068068,19.363363363363362,1.3562024743148673,1.3784158514782385
0.8078078078078078,19.38738738738739,1.3595152041495728,1.311640341983225
0.8088088088088088,19.41141141141141,1.3624770534897588,1.488052666047111
0.8098098098098098,19.435435435435434,1.3650872478628802,1.2756265176409298
0.8108108108108109,19.45945945945946,1.367345228910144,1.348658064494008
0.8118118118118118,19.483483483483482,1.369250654751671,1.3252775489242534
0.8128128128128128,19.50750750750751,1.37080340022078,1.5155011886561534
0.8138138138138138,19.53153153153153,1.3720035569672264,1.391659034618384
0.8148148148148148,19.555555555555554,1.3728514334293074,1.4760358873761708
0.8158158158158159,19.57957957957958,1.3733475546748402,1.224791517371143
0.8168168168168168,19.603603603603602,1.3734926621110872,1.4001976886980132
0.8178178178178178,19.62762762762763,1.3732877130637953,1.462250792626139
0.8188188188188188,19.65165165165165,1.3727338802255797,1.3809622791531222
0.8198198198198198,19.675675675675674,1.3718325509739937,1.4783805884805288
0.8208208208208209,19.6996996996997,1.3705853265596695,1.3188564815496322
0.8218218218218218,19.723723723723722,1.3689940211650293,1.5099287651835873
0.8228228228228228,19.74774774774775,1.3670606608341245,1.5969504731960495
0.8238238238238238,19.77177177177177,1.364787482274246,1.32850362623028
0.8248248248248248,19.795795795795794,1.3621769315300398,1.3176266793899627
0.8258258258258259,19.81981981981982,1.3592316625309175,1.5045701102426876
0.8268268268268268,19.843843843843842,1.3559545355126594,1.5139117500857306
0.8278278278278278,19.86786786786787,1.352348615314155,1.3000626125988282
0.8288288288288288,19.89189189189189,1.3484171695503286,1.3063984878407429
0.8298298298298298,19.915915915915914,1.3441636666623626,1.315985205776312
0.8308308308308309,19.93993993993994,1.3395917738464052,1.2051467227429775
0.8318318318318318,19.963963963963963,1.334705354862035,1.242840160213615
0.8328328328328328,19.98798798798799,1.3295084677218099,1.229094391046603
0.8338338338338338,20.01201201201201,1.3240053622633357,1.2472256057529227
0.8348348348348348,20.036036036036034,1.3182004776053158,1.3147319888666376
0.8358358358358359,20.06006006006006,1.3120984394891657,1.335519912742818
0.8368368368368369,20.084084084084083,1.3057040575078016,1.4607541067892094
0.8378378378378378,20.10810810810811,1.2990223222233117,1.1991869181494326
0.8388388388388388,20.13213213213213,1.2920584021752874,1.390490642022946
0.8398398398398398,20.156156156156154,1.2848176407816296,1.2634187563590786
0.8408408408408409,20.18018018018018,1.2773055531337532,1.2723591821685099
0.8418418418418419,20.204204204204203,1.269527822688151,1.3370097719048113
0.8428428428428428,20.22822822822823,1.261490297856342,1.1492180957001121
0.8438438438438438,20.25225225225225,1.2531989884953092,1.2914399631137143
0.8448448448448448,20.276276276276274,1.2446600623005881,1.2613052831218938
0.8458458458458459,20.3003003003003,1.2358798411042033,1.2851249675050183
0.8468468468468469,20.324324324324323,1.2268647970797557,1.2557816614705375
0.8478478478478478,20.34834834834835,1.2176215488569704,1.4631515628480598
0.8488488488488488,20.37237237237237,1.2081568575481083,1.1443828591229768
0.8498498498498498,20.396396396396394,1.1984776226886868,1.1453779271885052
0.8508508508508509,20.42042042042042,1.1885908780949983,1.126276825452522
0.8518518518518519,20.444444444444443,1.1785037876409796,1.1229560757249542
0.8528528528528528,20.46846846846847,1.1682236409570277,1.104484928226376
0.8538538538538538,20.49249249249249,1.157757849053419,1.2766595021641742
0.8548548548548548,20.516516516516514,1.1471139398710082,1.2891643646699937
0.8558558558558559,20.54054054054054,1.1362995537619545,1.079224924387007
0.8568568568568569,20.564564564564563,1.1253224389032703,1.0420868815928475
0.8578578578578578,20.58858858858859,1.1141904466459707,1.161332002284611
0.8588588588588588,20.61261261261261,1.1029115268027418,1.0476892223746448
0.8598598598598598,20.636636636636634,1.0914937228769923,1.1547869046525434
0.8608608608608609,20.66066066066066,1.0799451672362224,1.1002374693213524
0.8618618618618619,20.684684684684683,1.0682740762327114,0.9166996647329883
0.8628628628628628,20.70870870870871,1.0564887452744869,1.211239265407493
0.8638638638638638,20.73273273273273,1.0445975438496355,1.2241853111591876
0.8648648648648649,20.756756756756758,1.0326089105070069,0.9713300414585683
0.8658658658658659,20.78078078078078,1.0205313477964117,0.9817611918028133
0.8668668668668669,20.804804804804803,1.008373417171389,1.0369599562438794
0.8678678678678678,20.82882882882883,0.9961437338577324,1.029589412856435
0.8688688688688688,20.852852852852852,0.9838509616908926,1.0497053889581756
0.8698698698698699,20.876876876876878,0.9715038079254364,1.1725242618020715
0.8708708708708709,20.9009009009009,0.959111018019777,0.9414162952703721
0.8718718718718719,20.924924924924923,0.9466813703993506,0.8668516459455052
0.8728728728728729,20.94894894894895,0.9342236712014816,0.7962917484000289
0.8738738738738738,20.972972972972972,0.9217467490051592,0.8486537450109672
0.8748748748748749,20.996996996996998,0.9092594495489683,0.9059467522615886
0.8758758758758759,21.02102102102102,0.8967706304404155,1.0762264167921942
0.8768768768768769,21.045045045045043,0.8842891558598976,0.8325280259562805
0.8778778778778779,21.06906906906907,0.8718238912625869,0.8942026864264767
0.8788788788788788,21.093093093093092,0.8593836980814555,0.8577414084741803
0.8798798798798799,21.117117117117118,0.8469774284347215,0.9658167557795299
0.8808808808808809,21.14114114114114,0.8346139198409577,1.08730716242832
0.8818818818818819,21.165165165165163,0.8223019899450819,0.7692151126530498
0.8828828828828829,21.18918918918919,0.810050431258508,0.7611064870066857
0.8838838838838838,21.213213213213212,0.7978680059166592,0.9022840936235664
0.8848848848848849,21.237237237237238,0.7857634404570537,0.8539525894196849
0.8858858858858859,21.26126126126126,0.7737454206211933,0.9584161531947967
0.8868868868868869,21.285285285285283,0.7618225861834039,0.8202154047160003
0.8878878878878879,21.30930930930931,0.7500035258098278,0.7140743167311218
0.8888888888888888,21.333333333333332,0.7382967719507065,0.7973622550199375
0.8898898898898899,21.35735735735736,0.7267107957690806,0.8375811538273714
0.8908908908908909,21.38138138138138,0.7152540021090166,0.797302220228753
0.8918918918918919,21.405405405405403,0.7039347245064252,0.754662127617155
0.8928928928928929,21.42942942942943,0.6927612202455551,0.7994286892044705
0.8938938938938938,21.453453453453452,0.6817416654641475,0.7986712245087147
0.8948948948948949,21.47747747747748,0.670884150310275,0.8091000494140278
0.8958958958958959,21.5015015015015,0.6601966741538108,0.725067662912775
0.8968968968968969,21.525525525525524,0.6496871408554372,0.6329753328237517
0.8978978978978979,21.54954954954955,0.6393633540961186,0.6540347227394508
0.8988988988988988,21.573573573573572,0.6292330127698574,0.7498839094206932
0.8998998998998999,21.5975975975976,0.6193037064425508,0.5376101393438273
0.9009009009009009,21.62162162162162,0.609582910879724,0.6464502417670142
0.9019019019019019,21.645645645645644,0.6000779836458511,0.560744102413115
0.9029029029029029,21.66966966966967,0.5907961597779509,0.5936706420714326
0.9039039039039038,21.693693693693692,0.581744547536091,0.7095897337968209
0.9049049049049049,21.71771771771772,0.5729301242333746,0.592040031035365
0.9059059059059059,21.74174174174174,0.5643597321479515,0.5690033869635664
0.9069069069069069,21.765765765765764,0.5560400745195226,0.4200544604215307
0.9079079079079079,21.78978978978979,0.5479777116327849,0.6226030682355069
0.9089089089089089,21.813813813813812,0.5401790569901693,0.6047274751042768
0.9099099099099099,21.83783783783784,0.5326503735761997,0.7489758459067457
0.9109109109109109,21.86186186186186,0.525397770215731,0.4946199467204309
0.9119119119119119,21.885885885885884,0.5184271980282559,0.5403422307946498
0.9129129129129129,21.90990990990991,0.5117444469804387,0.5366828153515143
0.9139139139139139,21.933933933933933,0.5053551425389309,0.6631004705152783
0.914914914914915,21.95795795795796,0.49926474242549745,0.48973518918680226
0.9159159159159159,21.98198198198198,0.49347853347640225,0.5213806860534361
0.9169169169169169,22.006006006006004,0.48800162860792473,0.5487912795795786
0.9179179179179179,22.03003003003003,0.4828389638898434,0.5014998762054792
0.9189189189189189,22.054054054054053,0.47799529572861665,0.43335193427356383
0.91991991991992,22.07807807807808,0.47347519816195627,0.492884197451787
0.9209209209209209,22.1021021021021,0.4692830602663949,0.5766462352523721
0.9219219219219219,22.126126126126124,0.46542308367939045,0.3627715537382844
0.9229229229229229,22.15015015015015,0.4618992802374309,0.4751962476521185
0.9239239239239239,22.174174174174173,0.45871546973154054,0.3887033882376232
0.924924924924925,22.1981981981982,0.4558752777815025,0.5753799406739868
0.9259259259259259,22.22222222222222,0.4533821338300461,0.3010634433516686
0.9269269269269269,22.246246246246244,0.45123926925817015,0.3953470845310113
0.9279279279279279,22.27027027027027,0.4494497156226933,0.4871709031291454
0.9289289289289289,22.294294294294293,0.4480163030170574,0.6045687059404915
0.92992992992993,22.31831831831832,0.4469416585563166,0.44036663244901786
0.9309309309309309,22.34234234234234,0.4462282049871842,0.3907082523178643
0.9319319319319319,22.366366366366364,0.4458781594239043,0.6339938663679633
0.9329329329329329,22.39039039039039,0.4458935322106834,0.301092142169059
0.933933933933934,22.414414414414416,0.4462761259112762,0.22639553024926798
0.934934934934935,22.43843843843844,0.44702753442629595,0.4910289794316292
0.9359359359359359,22.46246246246246,0.44814914223870694,0.39794371980344584
0.9369369369369369,22.486486486486484,0.44964212378788404,0.3475188420748127
0.9379379379379379,22.51051051051051,0.4515074429725465,0.5223430877024818
0.938938938938939,22.534534534534536,0.4537458527828033,0.4781259241599232
0.93993993993994,22.55855855855856,0.4563578950614313,0.39995003198775847
0.9409409409409409,22.58258258258258,0.45934390039447215,0.3313134605273827
0.9419419419419419,22.606606606606604,0.46270398813112257,0.5499497209591371
0.9429429429429429,22.63063063063063,0.46643806653281206,0.5314581843286782
0.943943943943944,22.654654654654657,0.47054583305131104,0.46062824667337277
0.944944944944945,22.67867867867868,0.47502677473558497,0.6596904743403516
0.9459459459459459,22.7027027027027,0.47988016876707484,0.3728716921344596
0.9469469469469469,22.726726726726724,0.4851050831229693,0.33255256603049543
0.9479479479479479,22.75075075075075,0.4907003773669889,0.42150957037886444
0.948948948948949,22.774774774774777,0.4966647035670775,0.4921061019315277
0.94994994994995,22.7987987987988,0.5029965073393626,0.5273304522716318
0.950950950950951,22.822822822822822,0.5096940290176468,0.4855704232320138
0.9519519519519519,22.846846846846844,0.5167553049475937,0.5519608445990234
0.9529529529529529,22.87087087087087,0.5241781689047512,0.3990242264857068
0.953953953953954,22.894894894894897,0.5319602536354101,0.6763367140427361
0.954954954954955,22.91891891891892,0.5400989925192625,0.5318838746800056
0.955955955955956,22.942942942942942,0.5485916213527455,0.6603212045115583
0.9569569569569569,22.966966966966964,0.5574351802518717,0.5917077148896421
0.9579579579579579,22.99099099099099,0.5666265156732493,0.6123018375886277
0.958958958958959,23.015015015015017,0.5761622825519965,0.6331390105752169
0.95995995995996,23.03903903903904,0.5860389465550736,0.6308098025568051
0.960960960960961,23.063063063063062,0.5962527864485925,0.6605250624353469
0.9619619619619619,23.087087087087085,0.6067998965775222,0.7397151495907653
0.9629629629629629,23.11111111111111,0.6176761894561564,0.6373283064263034
0.963963963963964,23.135135135135137,0.6288773984676475,0.6997777742264987
0.964964964964965,23.15915915915916,0.6403990806708542,0.6314255112421315
0.965965965965966,23.183183183183182,0.6522366197126607,0.796248341257608
0.9669669669669669,23.207207207207205,0.6643852288438492,0.5967459986379222
0.9679679679679679,23.23123123123123,0.6768399540366135,0.856933997327695
0.968968968968969,23.255255255255257,0.6895956772016367,0.6855798821372023
0.96996996996997,23.27927927927928,0.702647119502664,0.5595696092908592
0.970970970970971,23.303303303303302,0.7159888447664619,0.7287992862575408
0.9719719719719719,23.327327327327325,0.7296152629858943,0.6615100972384063
0.9729729729729729,23.35135135135135,0.7435206339138877,0.8275849888127601
0.973973973973974,23.375375375375377,0.7576990707459867,0.6924366728157476
0.974974974974975,23.3993993993994,0.7721445438890737,0.7275262005675958
0.975975975975976,23.423423423423422,0.7868508848138756,0.5978968117193224
0.9769769769769769,23.447447447447445,0.8018117899887632,0.7565811580638555
0.9779779779779779,23.47147147147147,0.8170208248923021,0.5746328922294064
0.978978978978979,23.495495495495497,0.8324714281019916,0.6740811457534193
0.97997997997998,23.51951951951952,0.8481569154565813,0.924198381071011
0.980980980980981,23.543543543543542,0.8640704842892861,0.9426505001543694
0.9819819819819819,23.567567567567565,0.8802052177291668,0.9227509739076633
0.9829829829829829,23.59159159159159,0.8965540890679828,0.7998564747550615
0.983983983983984,23.615615615615617,0.9131099661896663,0.9083388305754684
0.984984984984985,23.63963963963964,0.9298656160596016,0.9295053621505448
0.985985985985986,23.663663663663662,0.9468137092709008,0.8309772403516466
0.986986986986987,23.687687687687685,0.9639468246446834,1.1142866548213985
0.9879879879879879,23.71171171171171,0.9812574538814858,1.068993682939053
0.988988988988989,23.735735735735737,0.9987380062608482,0.9766415888778818
0.98998998998999,23.75975975975976,1.0163808133860295,1.0190693972854825
0.990990990990991,23.783783783783782,1.034178133970891,1.0550164147656464
0.991991991991992,23.807807807807805,1.0521221586658784,0.8479486718234494
0.992992992992993,23.831831831831835,1.0702050149200295,1.04548727666797
0.993993993993994,23.855855855855857,1.088418771875912,1.0202203470761322
0.994994994994995,23.87987987987988,1.1067554452944504,1.006593444304959
0.995995995995996,23.903903903903903,1.1252070025064165,1.097096973217821
0.996996996996997,23.927927927927925,1.143765367387511,1.3235340200724632
0.997997997997998,23.951951951951955,1.1624224253538888,1.2265067114805899
0.998998998998999,23.975975975975977,1.1811700283749094,1.1240521293966297
1.0,24.0,1.1999999999999993,1.2572582781356152
